-- Adminer 3.6.3 MySQL dump

SET NAMES utf8;
SET foreign_key_checks = 0;
SET time_zone = 'SYSTEM';
SET sql_mode = 'NO_AUTO_VALUE_ON_ZERO';

CREATE TABLE `cars` (
  `car_id` int(11) NOT NULL,
  `season_id` int(11) NOT NULL,
  `car_number` int(11) NOT NULL,
  `team_id` tinytext COLLATE utf8_unicode_ci NOT NULL
) ENGINE=MyISAM DEFAULT CHARSET=utf8 COLLATE=utf8_unicode_ci;

INSERT INTO `cars` (`car_id`, `season_id`, `car_number`, `team_id`) VALUES
(118,	1,	18,	'toy'),
(119,	1,	19,	'toy'),
(101,	1,	1,	'sau'),
(102,	1,	2,	'sau'),
(114,	1,	14,	'ren'),
(115,	1,	15,	'ren'),
(107,	1,	7,	'for'),
(108,	1,	8,	'for'),
(109,	1,	9,	'mcl'),
(110,	1,	10,	'mcl'),
(103,	1,	3,	'mer'),
(104,	1,	4,	'mer'),
(120,	1,	20,	'wil'),
(121,	1,	21,	'wil'),
(105,	1,	5,	'fer'),
(106,	1,	6,	'fer'),
(201,	2,	1,	'mer'),
(202,	2,	2,	'mer'),
(203,	2,	3,	'sau'),
(204,	2,	4,	'sau'),
(205,	2,	5,	'ren'),
(206,	2,	6,	'ren'),
(207,	2,	7,	'for'),
(208,	2,	8,	'for'),
(209,	2,	9,	'mcl'),
(210,	2,	10,	'mcl'),
(211,	2,	11,	'wil'),
(212,	2,	12,	'wil'),
(214,	2,	14,	'fer'),
(215,	2,	15,	'fer'),
(216,	2,	16,	'rbr'),
(217,	2,	17,	'rbr'),
(218,	2,	18,	'str'),
(219,	2,	19,	'str'),
(301,	3,	1,	'str'),
(302,	3,	2,	'str'),
(303,	3,	3,	'mer'),
(304,	3,	4,	'mer'),
(305,	3,	5,	'mcl'),
(306,	3,	6,	'mcl'),
(307,	3,	7,	'ren'),
(308,	3,	8,	'ren'),
(309,	3,	9,	'fer'),
(310,	3,	10,	'fer'),
(311,	3,	11,	'rbr'),
(312,	3,	12,	'rbr'),
(314,	3,	14,	'for'),
(315,	3,	15,	'for'),
(316,	3,	16,	'wil'),
(317,	3,	17,	'wil'),
(318,	3,	18,	'sau'),
(319,	3,	19,	'sau'),
(320,	3,	20,	'cat'),
(321,	3,	21,	'cat'),
(322,	3,	22,	'mar'),
(323,	3,	23,	'mar'),
(324,	3,	24,	'hrt'),
(325,	3,	25,	'hrt'),
(403,	4,	3,	'str'),
(404,	4,	4,	'str'),
(405,	4,	5,	'fer'),
(406,	4,	6,	'fer'),
(407,	4,	7,	'mer'),
(408,	4,	8,	'mer'),
(409,	4,	9,	'ren'),
(410,	4,	10,	'ren'),
(411,	4,	11,	'for'),
(412,	4,	12,	'for'),
(414,	4,	14,	'hrt'),
(415,	4,	15,	'hrt'),
(401,	4,	1,	'rbr'),
(402,	4,	2,	'rbr'),
(416,	4,	16,	'mcl'),
(417,	4,	17,	'mcl'),
(418,	4,	18,	'wil'),
(419,	4,	19,	'wil'),
(420,	4,	20,	'sau'),
(421,	4,	21,	'sau'),
(422,	4,	22,	'cat'),
(423,	4,	23,	'cat'),
(424,	4,	24,	'mar'),
(425,	4,	25,	'mar'),
(501,	5,	1,	'mcl'),
(502,	5,	2,	'mcl'),
(503,	5,	3,	'rbr'),
(504,	5,	4,	'rbr'),
(505,	5,	5,	'fer'),
(506,	5,	6,	'fer'),
(507,	5,	7,	'str'),
(508,	5,	8,	'str'),
(509,	5,	9,	'ren'),
(510,	5,	10,	'ren'),
(511,	5,	11,	'wil'),
(512,	5,	12,	'wil'),
(514,	5,	14,	'for'),
(515,	5,	15,	'for'),
(516,	5,	16,	'hrt'),
(517,	5,	17,	'hrt'),
(518,	5,	18,	'mar'),
(519,	5,	19,	'mar'),
(520,	5,	20,	'mer'),
(521,	5,	21,	'mer'),
(522,	5,	22,	'sau'),
(523,	5,	23,	'sau'),
(524,	5,	24,	'cat'),
(525,	5,	25,	'cat'),
(601,	6,	1,	'for'),
(602,	6,	2,	'for'),
(603,	6,	3,	'ren'),
(604,	6,	4,	'ren'),
(605,	6,	5,	'mcl'),
(606,	6,	6,	'mcl'),
(607,	6,	7,	'rbr'),
(608,	6,	8,	'rbr'),
(609,	6,	9,	'sau'),
(610,	6,	10,	'sau'),
(611,	6,	11,	'fer'),
(612,	6,	12,	'fer'),
(614,	6,	14,	'str'),
(615,	6,	15,	'str'),
(616,	6,	16,	'mer'),
(617,	6,	17,	'mer'),
(618,	6,	18,	'wil'),
(619,	6,	19,	'wil'),
(620,	6,	20,	'cat'),
(621,	6,	21,	'cat'),
(622,	6,	22,	'hrt'),
(623,	6,	23,	'hrt'),
(624,	6,	24,	'mar'),
(625,	6,	25,	'mar'),
(801,	8,	1,	'fer'),
(725,	7,	25,	'str'),
(724,	7,	24,	'str'),
(723,	7,	23,	'sau'),
(722,	7,	22,	'sau'),
(721,	7,	21,	'hrt'),
(720,	7,	20,	'hrt'),
(719,	7,	19,	'rbr'),
(718,	7,	18,	'rbr'),
(717,	7,	17,	'mer'),
(716,	7,	16,	'mer'),
(715,	7,	15,	'wil'),
(714,	7,	14,	'wil'),
(712,	7,	12,	'mar'),
(711,	7,	11,	'mar'),
(710,	7,	10,	'ren'),
(709,	7,	9,	'ren'),
(708,	7,	8,	'fer'),
(707,	7,	7,	'fer'),
(706,	7,	6,	'mcl'),
(705,	7,	5,	'mcl'),
(704,	7,	4,	'for'),
(703,	7,	3,	'for'),
(702,	7,	2,	'cat'),
(701,	7,	1,	'cat'),
(802,	8,	2,	'fer'),
(803,	8,	3,	'mer'),
(804,	8,	4,	'mer'),
(805,	8,	5,	'cat'),
(806,	8,	6,	'cat'),
(807,	8,	7,	'mcl'),
(808,	8,	8,	'mcl'),
(809,	8,	9,	'for'),
(810,	8,	10,	'for'),
(811,	8,	11,	'rbr'),
(812,	8,	12,	'rbr'),
(814,	8,	14,	'ren'),
(815,	8,	15,	'ren'),
(816,	8,	16,	'wil'),
(817,	8,	17,	'wil'),
(818,	8,	18,	'str'),
(819,	8,	19,	'str'),
(820,	8,	20,	'sau'),
(821,	8,	21,	'sau'),
(822,	8,	22,	'mar'),
(823,	8,	23,	'mar'),
(824,	8,	24,	'hrt'),
(825,	8,	25,	'hrt'),
(901,	9,	1,	'mar'),
(902,	9,	2,	'mar'),
(903,	9,	3,	'fer'),
(904,	9,	4,	'fer'),
(905,	9,	5,	'mcl'),
(906,	9,	6,	'mcl'),
(907,	9,	7,	'rbr'),
(908,	9,	8,	'rbr'),
(909,	9,	9,	'for'),
(910,	9,	10,	'for'),
(911,	9,	11,	'mer'),
(912,	9,	12,	'mer'),
(914,	9,	14,	'ren'),
(915,	9,	15,	'ren'),
(916,	9,	16,	'sau'),
(917,	9,	17,	'sau'),
(918,	9,	18,	'wil'),
(919,	9,	19,	'wil'),
(920,	9,	20,	'str'),
(921,	9,	21,	'str'),
(922,	9,	22,	'cat'),
(923,	9,	23,	'cat'),
(924,	9,	24,	'hrt'),
(925,	9,	25,	'hrt'),
(1001,	10,	1,	'rbr'),
(1002,	10,	2,	'rbr'),
(1003,	10,	3,	'mar'),
(1004,	10,	4,	'mar'),
(1005,	10,	5,	'for'),
(1006,	10,	6,	'for'),
(1007,	10,	7,	'ren'),
(1008,	10,	8,	'ren'),
(1009,	10,	9,	'mcl'),
(1010,	10,	10,	'mcl'),
(1011,	10,	11,	'fer'),
(1012,	10,	12,	'fer'),
(1014,	10,	14,	'mer'),
(1015,	10,	15,	'mer'),
(1016,	10,	16,	'sau'),
(1017,	10,	17,	'sau'),
(1018,	10,	18,	'str'),
(1019,	10,	19,	'str'),
(1020,	10,	20,	'wil'),
(1021,	10,	21,	'wil'),
(1022,	10,	22,	'cat'),
(1023,	10,	23,	'cat'),
(1024,	10,	24,	'hrt'),
(1025,	10,	25,	'hrt'),
(1101,	11,	1,	'mcl'),
(1102,	11,	2,	'mcl'),
(1103,	11,	3,	'mcl'),
(1104,	11,	4,	'for'),
(1105,	11,	5,	'for'),
(1106,	11,	6,	'for'),
(1107,	11,	7,	'rbr'),
(1108,	11,	8,	'rbr'),
(1109,	11,	9,	'rbr'),
(1110,	11,	10,	'ren'),
(1111,	11,	11,	'ren'),
(1112,	11,	12,	'ren'),
(1114,	11,	14,	'fer'),
(1115,	11,	15,	'fer'),
(1116,	11,	16,	'fer'),
(1117,	11,	17,	'mer'),
(1118,	11,	18,	'mer'),
(1119,	11,	19,	'mer'),
(1120,	11,	20,	'wil'),
(1121,	11,	21,	'wil'),
(1122,	11,	22,	'wil'),
(1123,	11,	23,	'sau'),
(1124,	11,	24,	'sau'),
(1125,	11,	25,	'sau'),
(1201,	12,	1,	'for'),
(1202,	12,	2,	'for'),
(1203,	12,	3,	'mcl'),
(1204,	12,	4,	'mcl'),
(1205,	12,	5,	'ren'),
(1206,	12,	6,	'ren'),
(1207,	12,	7,	'fer'),
(1208,	12,	8,	'fer'),
(1209,	12,	9,	'rbr'),
(1210,	12,	10,	'rbr'),
(1211,	12,	11,	'mer'),
(1212,	12,	12,	'mer'),
(1214,	12,	14,	'wil'),
(1215,	12,	15,	'wil'),
(1216,	12,	16,	'sau'),
(1217,	12,	17,	'sau'),
(1218,	12,	18,	'mar'),
(1219,	12,	19,	'mar'),
(1220,	12,	20,	'str'),
(1221,	12,	21,	'str'),
(1222,	12,	22,	'cat'),
(1223,	12,	23,	'cat'),
(1224,	12,	24,	'hrt'),
(1225,	12,	25,	'hrt'),
(1301,	13,	1,	'sau'),
(1302,	13,	2,	'sau'),
(1303,	13,	3,	'mcl'),
(1304,	13,	4,	'mcl'),
(1305,	13,	5,	'mer'),
(1306,	13,	6,	'mer'),
(1307,	13,	7,	'for'),
(1308,	13,	8,	'for'),
(1309,	13,	9,	'fer'),
(1310,	13,	10,	'fer'),
(1311,	13,	11,	'rbr'),
(1312,	13,	12,	'rbr'),
(1314,	13,	14,	'wil'),
(1315,	13,	15,	'wil'),
(1316,	13,	16,	'str'),
(1317,	13,	17,	'str'),
(1318,	13,	18,	'ren'),
(1319,	13,	19,	'ren'),
(1320,	13,	20,	'cat'),
(1321,	13,	21,	'cat'),
(1322,	13,	22,	'hrt'),
(1323,	13,	23,	'hrt'),
(1324,	13,	24,	'mar'),
(1325,	13,	25,	'mar');

CREATE TABLE `countries` (
  `country_a2` tinytext COLLATE utf8_unicode_ci NOT NULL,
  `country_a3` tinytext COLLATE utf8_unicode_ci NOT NULL,
  `country_name` tinytext COLLATE utf8_unicode_ci NOT NULL
) ENGINE=MyISAM DEFAULT CHARSET=utf8 COLLATE=utf8_unicode_ci;

INSERT INTO `countries` (`country_a2`, `country_a3`, `country_name`) VALUES
('ad',	'and',	'Andorra'),
('ae',	'are',	'United Arab Emirates'),
('af',	'afg',	'Afghanistan'),
('ag',	'atg',	'Antigua and Barbuda'),
('ai',	'aia',	'Anguilla'),
('al',	'alb',	'Albania'),
('am',	'arm',	'Armenia'),
('ao',	'ago',	'Angola'),
('aq',	'ata',	'Antarctica'),
('ar',	'arg',	'Argentina'),
('as',	'asm',	'American Samoa'),
('at',	'aut',	'Austria'),
('au',	'aus',	'Australia'),
('aw',	'abw',	'Aruba'),
('ax',	'ala',	'?land Islands'),
('az',	'aze',	'Azerbaijan'),
('ba',	'bih',	'Bosnia and Herzegovina'),
('bb',	'brb',	'Barbados'),
('bd',	'bgd',	'Bangladesh'),
('be',	'bel',	'Belgium'),
('bf',	'bfa',	'Burkina Faso'),
('bg',	'bgr',	'Bulgaria'),
('bh',	'bhr',	'Bahrain'),
('bi',	'bdi',	'Burundi'),
('bj',	'ben',	'Benin'),
('bl',	'blm',	'Saint Barth'),
('bm',	'bmu',	'Bermuda'),
('bn',	'brn',	'Brunei Darussalam'),
('bo',	'bol',	'Bolivia, Plurinational State of'),
('bq',	'bes',	'Bonaire, Saint Eustatius and Saba'),
('br',	'bra',	'Brazil'),
('bs',	'bhs',	'Bahamas'),
('bt',	'btn',	'Bhutan'),
('bv',	'bvt',	'Bouvet Island'),
('bw',	'bwa',	'Botswana'),
('by',	'blr',	'Belarus'),
('bz',	'blz',	'Belize'),
('ca',	'can',	'Canada'),
('cc',	'cck',	'Cocos (Keeling) Islands'),
('cd',	'cod',	'Congo, the Democratic Republic of the'),
('cf',	'caf',	'Central African Republic'),
('cg',	'cog',	'Congo'),
('ch',	'che',	'Switzerland'),
('ci',	'civ',	'C'),
('ck',	'cok',	'Cook Islands'),
('cl',	'chl',	'Chile'),
('cm',	'cmr',	'Cameroon'),
('cn',	'chn',	'China'),
('co',	'col',	'Colombia'),
('cr',	'cri',	'Costa Rica'),
('cu',	'cub',	'Cuba'),
('cv',	'cpv',	'Cape Verde'),
('cw',	'cuw',	'Cura'),
('cx',	'cxr',	'Christmas Island'),
('cy',	'cyp',	'Cyprus'),
('cz',	'cze',	'Czech Republic'),
('de',	'deu',	'Germany'),
('dj',	'dji',	'Djibouti'),
('dk',	'dnk',	'Denmark'),
('dm',	'dma',	'Dominica'),
('do',	'dom',	'Dominican Republic'),
('dz',	'dza',	'Algeria'),
('ec',	'ecu',	'Ecuador'),
('ee',	'est',	'Estonia'),
('eg',	'egy',	'Egypt'),
('eh',	'esh',	'Western Sahara'),
('er',	'eri',	'Eritrea'),
('es',	'esp',	'Spain'),
('et',	'eth',	'Ethiopia'),
('eu',	'eur',	'Europe'),
('fi',	'fin',	'Finland'),
('fj',	'fji',	'Fiji'),
('fk',	'flk',	'Falkland Islands (Malvinas)'),
('fm',	'fsm',	'Micronesia, Federated States of'),
('fo',	'fro',	'Faroe Islands'),
('fr',	'fra',	'France'),
('ga',	'gab',	'Gabon'),
('gb',	'gbr',	'United Kingdom'),
('gd',	'grd',	'Grenada'),
('ge',	'geo',	'Georgia'),
('gf',	'guf',	'French Guiana'),
('gg',	'ggy',	'Guernsey'),
('gh',	'gha',	'Ghana'),
('gi',	'gib',	'Gibraltar'),
('gl',	'grl',	'Greenland'),
('gm',	'gmb',	'Gambia'),
('gn',	'gin',	'Guinea'),
('gp',	'glp',	'Guadeloupe'),
('gq',	'gnq',	'Equatorial Guinea'),
('gr',	'grc',	'Greece'),
('gs',	'sgs',	'South Georgia and the South Sandwich Islands'),
('gt',	'gtm',	'Guatemala'),
('gu',	'gum',	'Guam'),
('gw',	'gnb',	'Guinea-Bissau'),
('gy',	'guy',	'Guyana'),
('hk',	'hkg',	'Hong Kong'),
('hm',	'hmd',	'Heard Island and McDonald Islands'),
('hn',	'hnd',	'Honduras'),
('hr',	'hrv',	'Croatia'),
('ht',	'hti',	'Haiti'),
('hu',	'hun',	'Hungary'),
('id',	'idn',	'Indonesia'),
('ie',	'irl',	'Ireland'),
('il',	'isr',	'Israel'),
('im',	'imn',	'Isle of Man'),
('in',	'ind',	'India'),
('io',	'iot',	'British Indian Ocean Territory'),
('iq',	'irq',	'Iraq'),
('ir',	'irn',	'Iran, Islamic Republic of'),
('is',	'isl',	'Iceland'),
('it',	'ita',	'Italy'),
('je',	'jey',	'Jersey'),
('jm',	'jam',	'Jamaica'),
('jo',	'jor',	'Jordan'),
('jp',	'jpn',	'Japan'),
('ke',	'ken',	'Kenya'),
('kg',	'kgz',	'Kyrgyzstan'),
('kh',	'khm',	'Cambodia'),
('ki',	'kir',	'Kiribati'),
('km',	'com',	'Comoros'),
('kn',	'kna',	'Saint Kitts and Nevis'),
('kp',	'prk',	'Korea, Democratic People\'s Republic of'),
('kr',	'kor',	'South Korea'),
('kw',	'kwt',	'Kuwait'),
('ky',	'cym',	'Cayman Islands'),
('kz',	'kaz',	'Kazakhstan'),
('la',	'lao',	'Lao People\'s Democratic Republic'),
('lb',	'lbn',	'Lebanon'),
('lc',	'lca',	'Saint Lucia'),
('li',	'lie',	'Liechtenstein'),
('lk',	'lka',	'Sri Lanka'),
('lr',	'lbr',	'Liberia'),
('ls',	'lso',	'Lesotho'),
('lt',	'ltu',	'Lithuania'),
('lu',	'lux',	'Luxembourg'),
('lv',	'lva',	'Latvia'),
('ly',	'lby',	'Libyan Arab Jamahiriya'),
('ma',	'mar',	'Morocco'),
('mc',	'mco',	'Monaco'),
('md',	'mda',	'Moldova, Republic of'),
('me',	'mne',	'Montenegro'),
('mf',	'maf',	'Saint Martin (French part)'),
('mg',	'mdg',	'Madagascar'),
('mh',	'mhl',	'Marshall Islands'),
('mk',	'mkd',	'Macedonia, the former Yugoslav Republic of'),
('ml',	'mli',	'Mali'),
('mm',	'mmr',	'Myanmar'),
('mn',	'mng',	'Mongolia'),
('mo',	'mac',	'Macao'),
('mp',	'mnp',	'Northern Mariana Islands'),
('mq',	'mtq',	'Martinique'),
('mr',	'mrt',	'Mauritania'),
('ms',	'msr',	'Montserrat'),
('mt',	'mlt',	'Malta'),
('mu',	'mus',	'Mauritius'),
('mv',	'mdv',	'Maldives'),
('mw',	'mwi',	'Malawi'),
('mx',	'mex',	'Mexico'),
('my',	'mys',	'Malaysia'),
('mz',	'moz',	'Mozambique'),
('na',	'nam',	'Namibia'),
('nc',	'ncl',	'New Caledonia'),
('ne',	'ner',	'Niger'),
('nf',	'nfk',	'Norfolk Island'),
('ng',	'nga',	'Nigeria'),
('ni',	'nic',	'Nicaragua'),
('nl',	'nld',	'Netherlands'),
('no',	'nor',	'Norway'),
('np',	'npl',	'Nepal'),
('nr',	'nru',	'Nauru'),
('nu',	'niu',	'Niue'),
('nz',	'nzl',	'New Zealand'),
('om',	'omn',	'Oman'),
('pa',	'pan',	'Panama'),
('pe',	'per',	'Peru'),
('pf',	'pyf',	'French Polynesia'),
('pg',	'png',	'Papua New Guinea'),
('ph',	'phl',	'Philippines'),
('pk',	'pak',	'Pakistan'),
('pl',	'pol',	'Poland'),
('pm',	'spm',	'Saint Pierre and Miquelon'),
('pn',	'pcn',	'Pitcairn'),
('pr',	'pri',	'Puerto Rico'),
('ps',	'pse',	'Palestinian Territory, Occupied'),
('pt',	'prt',	'Portugal'),
('pw',	'plw',	'Palau'),
('py',	'pry',	'Paraguay'),
('qa',	'qat',	'Qatar'),
('re',	'reu',	'R'),
('ro',	'rou',	'Romania'),
('rs',	'srb',	'Serbia'),
('ru',	'rus',	'Russian Federation'),
('rw',	'rwa',	'Rwanda'),
('sa',	'sau',	'Saudi Arabia'),
('sb',	'slb',	'Solomon Islands'),
('sc',	'syc',	'Seychelles'),
('sd',	'sdn',	'Sudan'),
('se',	'swe',	'Sweden'),
('sg',	'sgp',	'Singapore'),
('sh',	'shn',	'Saint Helena, Ascension and Tristan da Cunha'),
('si',	'svn',	'Slovenia'),
('sj',	'sjm',	'Svalbard and Jan Mayen'),
('sk',	'svk',	'Slovakia'),
('sl',	'sle',	'Sierra Leone'),
('sm',	'smr',	'San Marino'),
('sn',	'sen',	'Senegal'),
('so',	'som',	'Somalia'),
('sr',	'sur',	'Suriname'),
('st',	'stp',	'Sao Tome and Principe'),
('sv',	'slv',	'El Salvador'),
('sx',	'sxm',	'Sint Maarten (Dutch part)'),
('sy',	'syr',	'Syrian Arab Republic'),
('sz',	'swz',	'Swaziland'),
('tc',	'tca',	'Turks and Caicos Islands'),
('td',	'tcd',	'Chad'),
('tf',	'atf',	'French Southern Territories'),
('tg',	'tgo',	'Togo'),
('th',	'tha',	'Thailand'),
('tj',	'tjk',	'Tajikistan'),
('tk',	'tkl',	'Tokelau'),
('tl',	'tls',	'Timor-Leste'),
('tm',	'tkm',	'Turkmenistan'),
('tn',	'tun',	'Tunisia'),
('to',	'ton',	'Tonga'),
('tr',	'tur',	'Turkey'),
('tt',	'tto',	'Trinidad and Tobago'),
('tv',	'tuv',	'Tuvalu'),
('tw',	'twn',	'Taiwan, Province of China'),
('tz',	'tza',	'Tanzania, United Republic of'),
('ua',	'ukr',	'Ukraine'),
('ug',	'uga',	'Uganda'),
('um',	'umi',	'United States Minor Outlying Islands'),
('us',	'usa',	'United States'),
('uy',	'ury',	'Uruguay'),
('uz',	'uzb',	'Uzbekistan'),
('va',	'vat',	'Holy See (Vatican City State)'),
('vc',	'vct',	'Saint Vincent and the Grenadines'),
('ve',	'ven',	'Venezuela, Bolivarian Republic of'),
('vg',	'vgb',	'Virgin Islands, British'),
('vi',	'vir',	'Virgin Islands, U.S.'),
('vn',	'vnm',	'Viet Nam'),
('vu',	'vut',	'Vanuatu'),
('wf',	'wlf',	'Wallis and Futuna'),
('ws',	'wsm',	'Samoa'),
('ye',	'yem',	'Yemen'),
('yt',	'myt',	'Mayotte'),
('za',	'zaf',	'South Africa'),
('zm',	'zmb',	'Zambia'),
('zw',	'zwe',	'Zimbabwe'),
('zz',	'zzz',	'World');

CREATE TABLE `driver_pos` (
  `season_id` int(11) NOT NULL,
  `driver_id` char(3) COLLATE utf8_unicode_ci NOT NULL,
  `position` int(11) NOT NULL,
  `points` int(11) NOT NULL,
  PRIMARY KEY (`season_id`,`driver_id`)
) ENGINE=MyISAM DEFAULT CHARSET=utf8 COLLATE=utf8_unicode_ci;

INSERT INTO `driver_pos` (`season_id`, `driver_id`, `position`, `points`) VALUES
(1,	'kos',	1,	96),
(1,	'ree',	2,	96),
(1,	'mel',	3,	68),
(1,	'car',	4,	63),
(1,	'san',	5,	44),
(1,	'cop',	6,	29),
(1,	'hol',	7,	28),
(1,	'fro',	8,	19),
(1,	'par',	9,	12),
(1,	'and',	10,	2),
(1,	'pac',	11,	1),
(2,	'kos',	1,	229),
(2,	'dav',	2,	219),
(2,	'ree',	3,	128),
(2,	'bub',	4,	125),
(2,	'mel',	5,	125),
(2,	'lst',	6,	99),
(2,	'sol',	7,	88),
(2,	'san',	8,	68),
(2,	'jak',	9,	68),
(2,	'alm',	10,	44),
(2,	'car',	11,	40),
(2,	'vin',	12,	36),
(2,	'wil',	13,	36),
(2,	'fro',	14,	34),
(2,	'kri',	15,	18),
(2,	'cas',	16,	15),
(2,	'dst',	17,	15),
(2,	'moi',	18,	12),
(2,	'and',	19,	8),
(2,	'llo',	20,	2),
(3,	'kos',	1,	250),
(3,	'sol',	2,	162),
(3,	'mel',	3,	144),
(3,	'ree',	4,	135),
(3,	'dav',	5,	122),
(3,	'fro',	6,	107),
(3,	'bub',	7,	88),
(3,	'llo',	8,	70),
(3,	'kol',	9,	58),
(3,	'lst',	10,	58),
(3,	'lar',	11,	55),
(3,	'cha',	12,	47),
(3,	'alm',	13,	30),
(3,	'cas',	14,	26),
(3,	'san',	15,	25),
(3,	'dst',	16,	15),
(3,	'and',	17,	8),
(3,	'krl',	18,	4),
(3,	'nei',	19,	4),
(3,	'wil',	20,	4),
(4,	'kol',	1,	272),
(4,	'kos',	2,	265),
(4,	'krz',	3,	182),
(4,	'fro',	4,	169),
(4,	'rib',	5,	155),
(4,	'ree',	6,	107),
(4,	'mel',	7,	104),
(4,	'san',	8,	95),
(4,	'lar',	9,	92),
(4,	'llo',	10,	71),
(4,	'lst',	11,	38),
(4,	'cha',	12,	30),
(4,	'dav',	13,	20),
(4,	'fin',	14,	19),
(4,	'cop',	15,	18),
(4,	'bub',	16,	13),
(4,	'man',	17,	4),
(5,	'rib',	1,	300),
(5,	'kol',	2,	234),
(5,	'kos',	3,	232),
(5,	'mel',	4,	138),
(5,	'lar',	5,	108),
(5,	'bub',	6,	104),
(5,	'fro',	7,	103),
(5,	'krz',	8,	77),
(5,	'cha',	9,	71),
(5,	'san',	10,	64),
(5,	'llo',	11,	63),
(5,	'lst',	12,	48),
(5,	'ree',	13,	36),
(5,	'jes',	14,	10),
(5,	'rob',	15,	4),
(5,	'cat',	16,	4),
(5,	'rug',	17,	3),
(5,	'sta',	18,	0),
(5,	'nie',	19,	0),
(5,	'cme',	20,	0),
(6,	'rib',	1,	286),
(6,	'kol',	2,	225),
(6,	'kos',	3,	219),
(6,	'san',	4,	196),
(6,	'fro',	5,	153),
(6,	'mel',	6,	104),
(6,	'pan',	7,	92),
(6,	'lar',	8,	70),
(6,	'fer',	9,	67),
(6,	'ree',	10,	64),
(6,	'bub',	11,	63),
(6,	'kro',	12,	30),
(6,	'cer',	13,	30),
(6,	'krz',	14,	26),
(6,	'ciu',	15,	24),
(6,	'lst',	16,	21),
(6,	'gro',	17,	18),
(6,	'cha',	18,	15),
(6,	'llo',	19,	6),
(6,	'sua',	20,	4),
(6,	'cap',	21,	2),
(6,	'ses',	22,	2),
(6,	'fuf',	23,	2),
(6,	'vin',	24,	1),
(6,	'duj',	25,	1),
(6,	'krl',	26,	0),
(6,	'sla',	27,	0),
(6,	'dvi',	28,	0),
(6,	'dav',	29,	0),
(7,	'rib',	1,	320),
(7,	'kos',	2,	302),
(7,	'kol',	3,	263),
(7,	'fro',	4,	195),
(7,	'krz',	5,	178),
(7,	'san',	6,	162),
(7,	'mel',	7,	141),
(7,	'lar',	8,	71),
(7,	'bub',	9,	58),
(7,	'cer',	10,	44),
(7,	'cha',	11,	43),
(7,	'fer',	12,	42),
(7,	'cos',	13,	27),
(7,	'cas',	14,	25),
(7,	'sch',	15,	12),
(7,	'gat',	16,	11),
(7,	'ree',	17,	6),
(7,	'mac',	18,	2),
(7,	'per',	19,	2),
(7,	'pan',	20,	1),
(8,	'rib',	1,	375),
(8,	'san',	2,	260),
(8,	'kol',	3,	254),
(8,	'fro',	4,	168),
(8,	'kos',	5,	156),
(8,	'krz',	6,	140),
(8,	'ree',	7,	101),
(8,	'mel',	8,	92),
(8,	'fer',	9,	81),
(8,	'cos',	10,	56),
(8,	'cer',	11,	40),
(8,	'lar',	12,	30),
(8,	'mar',	13,	26),
(8,	'bub',	14,	24),
(8,	'cha',	15,	15),
(8,	'kru',	16,	12),
(8,	'rod',	17,	9),
(8,	'ake',	18,	4),
(8,	'udo',	19,	2),
(8,	'gat',	20,	1),
(8,	'mac',	21,	0),
(9,	'rib',	1,	351),
(9,	'san',	2,	301),
(9,	'kol',	3,	259),
(9,	'fro',	4,	198),
(9,	'kos',	5,	181),
(9,	'mel',	6,	103),
(9,	'bub',	7,	102),
(9,	'kot',	8,	79),
(9,	'rod',	9,	71),
(9,	'lem',	10,	52),
(9,	'fer',	11,	35),
(9,	'krz',	12,	28),
(9,	'mar',	13,	17),
(9,	'llo',	14,	14),
(9,	'cer',	15,	12),
(9,	'lar',	16,	12),
(9,	'cha',	17,	3),
(9,	'mac',	18,	2),
(9,	'cos',	19,	2),
(9,	'war',	20,	2),
(9,	'nut',	21,	0),
(9,	'hug',	22,	0),
(10,	'rib',	1,	343),
(10,	'san',	2,	321),
(10,	'kol',	3,	313),
(10,	'lem',	4,	270),
(10,	'fro',	5,	217),
(10,	'kot',	6,	131),
(10,	'kos',	7,	108),
(10,	'mel',	8,	72),
(10,	'krz',	9,	71),
(10,	'mrt',	10,	36),
(10,	'bub',	11,	31),
(10,	'iva',	12,	24),
(10,	'rod',	13,	22),
(10,	'fer',	14,	20),
(10,	'mac',	15,	4),
(10,	'lst',	16,	2),
(10,	'sen',	17,	2),
(11,	'san',	1,	346),
(11,	'rib',	2,	331),
(11,	'kol',	3,	296),
(11,	'kot',	4,	267),
(11,	'lem',	5,	201),
(11,	'smi',	6,	154),
(11,	'fro',	7,	126),
(11,	'kos',	8,	73),
(11,	'mel',	9,	70),
(11,	'mrt',	10,	69),
(11,	'cos',	11,	34),
(11,	'fer',	12,	26),
(11,	'joh',	13,	7),
(11,	'myk',	14,	6),
(11,	'kro',	15,	6),
(11,	'krz',	16,	2),
(11,	'bub',	17,	2),
(11,	'ker',	18,	2),
(11,	'iva',	19,	0),
(11,	'kru',	20,	0),
(12,	'rib',	1,	312),
(12,	'kol',	2,	254),
(12,	'fro',	3,	221),
(12,	'kos',	4,	218),
(12,	'san',	5,	209),
(12,	'kot',	6,	181),
(12,	'smi',	7,	125),
(12,	'lem',	8,	104),
(12,	'cos',	9,	71),
(12,	'rod',	10,	68),
(12,	'gro',	11,	48),
(12,	'bub',	12,	35),
(12,	'krz',	13,	34),
(12,	'mel',	14,	12),
(12,	'opf',	15,	4),
(12,	'kro',	16,	4),
(12,	'mrt',	17,	1),
(12,	'iva',	18,	0);

CREATE TABLE `drivers` (
  `driver_id` tinytext COLLATE utf8_unicode_ci NOT NULL,
  `driver_name` tinytext COLLATE utf8_unicode_ci NOT NULL,
  `driver_nat` tinytext COLLATE utf8_unicode_ci NOT NULL,
  `driver_nick` tinytext COLLATE utf8_unicode_ci NOT NULL
) ENGINE=MyISAM DEFAULT CHARSET=utf8 COLLATE=utf8_unicode_ci;

INSERT INTO `drivers` (`driver_id`, `driver_name`, `driver_nat`, `driver_nick`) VALUES
('alm',	'Abdulrahman Almokla',	'bh',	'MrPonx'),
('and',	'Rui Andrade',	'pt',	'Cookie Monster'),
('per',	'Ivica Peroković',	'hr',	'Redhill'),
('sch',	'Sebastian Schnaf',	'de',	''),
('bub',	'Ante Bubić',	'hr',	'Cyrex'),
('cap',	'Anibal Capellan',	'do',	''),
('car',	'Andrea Carlo',	'it',	''),
('cas',	'Franco Dei Cas',	'it',	''),
('cat',	'Luis Caratao',	'pt',	''),
('cer',	'Mario Ceraj',	'hr',	'Wolfman'),
('cha',	'Noa Chang',	'se',	''),
('ciu',	'Gabriele Ciucchi',	'it',	'Ludwig Gross'),
('cme',	'Krzysztof Cmeen',	'pl',	''),
('cop',	'Chris Copeman',	'gb',	'Captinfranko'),
('dav',	'Bradley Davies',	'gb',	'Brad'),
('duj',	'Marko Đujić',	'hr',	'Marko_93'),
('dst',	'Denby Strange',	'nz',	'Denby'),
('dvi',	'Luka Davidović',	'hr',	'Luka_kimi'),
('fin',	'Edy Finardi',	'it',	'Arkor'),
('fer',	'Klemen Ferenc',	'si',	'Hocx'),
('fro',	'Rob Frost',	'gb',	'King Rob'),
('fuf',	'Riccardo Fuffolo',	'it',	'123Ricky321'),
('gro',	'Fred Groom',	'gb',	'Fredoxyaction'),
('hol',	'Daniel Holland',	'gb',	''),
('jak',	'Tomislav Jaklenec',	'hr',	'Krscho'),
('jes',	'Ladislau Jesus',	'pt',	''),
('zzz',	'Vacant seat',	'_world',	''),
('kol',	'Przemek Kołowski',	'pl',	'Przemator'),
('kos',	'Srđan Kos',	'hr',	'Sida79'),
('kri',	'Luka Kristo',	'hr',	''),
('krl',	'Luka Krilić',	'hr',	'Dottore'),
('kro',	'Petr Kroppe',	'pl',	'Kroppe'),
('krz',	'Marek Krzemiński',	'pl',	'KingKong'),
('lar',	'Hans Larsson',	'se',	'The Sandwich Maker'),
('llo',	'Alex Lloyd',	'gb',	'Alexeilh'),
('lst',	'Logan Strange',	'nz',	'LBStrange'),
('man',	'Dino Manno',	'it',	'Dinosamp'),
('mel',	'Paul Mellor',	'gb',	'Redmelons'),
('moi',	'Jori Moisio',	'fi',	''),
('nei',	'Brian O\'Neill',	'ie',	''),
('nie',	'Maciej Niewiadomski',	'pl',	''),
('pac',	'Florian Pachinger',	'at',	''),
('pan',	'Dan Pankowiak',	'pl',	'BrokenEar'),
('par',	'Victor Paranhos',	'br',	'Paranhos'),
('ree',	'Alex Reeves',	'au',	'SpinDizzy'),
('rib',	'Afonso Ribeiro',	'pt',	'Afonso'),
('rob',	'Liam Roberts',	'gb',	''),
('rug',	'Matthew Ruggy',	'gb',	'Ruggy'),
('san',	'Peter Santamaria-Woods',	'in',	'Peter-27'),
('ses',	'Simon Ses',	'si',	'MonteCristo'),
('sla',	'Slaven',	'hr',	''),
('sol',	'Błażej Sołtysiak',	'pl',	'Soltys'),
('sta',	'Igor Stawiński',	'pl',	''),
('sua',	'Kevin Suarez',	'nl',	'Kevinbr'),
('vin',	'Josip Vincek',	'hr',	'TTCO'),
('wil',	'Adam Wilson',	'gb',	''),
('mac',	'Dillon Machemba',	'gb',	'Dillon'),
('gat',	'Patrick Gatewood',	'us',	'Spades'),
('cos',	'João Costa',	'pt',	'Othello82'),
('ake',	'Arto Åkerlund',	'fi',	'Piikkisika'),
('mar',	'Beni Mari',	'fr',	'Vivazapata'),
('kru',	'Henry Kruell',	'us',	'GnarlyBagel'),
('udo',	'Denis Udot',	'by',	'Dzenik'),
('rod',	'Tom Roden',	'gb',	'Rodney'),
('kot',	'Markus Kotka',	'fi',	'Makkezzi'),
('war',	'Grieg Ward',	'gb',	'Thereplicant'),
('lem',	'Daniel Lemaić',	'hr',	'Lema'),
('hug',	'Ben Hughes',	'gb',	'Hughesypf'),
('nut',	'Jordan Nuttall',	'gb',	'Jordan16'),
('iva',	'Ivana Šilić',	'hr',	'Ivancica'),
('mrt',	'Adrian Martinez',	'mx',	''),
('sen',	'Denis Senker',	'si',	'Senker'),
('mil',	'Maciej Miłosz',	'pl',	'drivermilosz'),
('joh',	'Craig Johnson',	'gb',	'Ukrocky'),
('smi',	'Josh Smith',	'gb',	'Josh8644'),
('ker',	'Tuomo Keränen',	'fi',	'Tume'),
('myk',	'Antti Mykänen',	'fi',	'Antti'),
('opf',	'Michael Opfer',	'de',	'Mike Nike');

CREATE TABLE `prixs` (
  `prix_id` int(11) NOT NULL,
  `prix_name` tinytext COLLATE utf8_unicode_ci NOT NULL,
  `prix_nat` tinytext COLLATE utf8_unicode_ci NOT NULL
) ENGINE=MyISAM DEFAULT CHARSET=utf8 COLLATE=utf8_unicode_ci;

INSERT INTO `prixs` (`prix_id`, `prix_name`, `prix_nat`) VALUES
(1,	'Bahrain Grand Prix',	'bh'),
(2,	'Australian Grand Prix',	'au'),
(3,	'Malaysian Grand Prix',	'my'),
(4,	'Chinese Grand Prix',	'cn'),
(5,	'Spanish Grand Prix',	'es'),
(6,	'Monaco Grand Prix',	'mc'),
(7,	'Turkish Grand Prix',	'tr'),
(8,	'Canadian Grand Prix',	'ca'),
(9,	'European Grand Prix',	'eu'),
(10,	'British Grand Prix',	'gb'),
(11,	'German Grand Prix',	'de'),
(12,	'Hungarian Grand Prix',	'hu'),
(13,	'Belgian Grand Prix',	'be'),
(14,	'Italian Grand Prix',	'it'),
(15,	'Singapore Grand Prix',	'sg'),
(16,	'Japanese Grand Prix',	'jp'),
(17,	'Korean Grand Prix',	'kr'),
(18,	'Brazilian Grand Prix',	'br'),
(19,	'Abu Dhabi Grand Prix',	'ae'),
(20,	'Indian Grand Prix',	'in'),
(21,	'Austrian Grand Prix',	'at'),
(22,	'French Grand Prix',	'fr'),
(23,	'Portuguese Grand Prix',	'pt'),
(24,	'Pacific Grand Prix',	'zz'),
(25,	'United States Grand Prix',	'us'),
(26,	'San Marino Grand Prix',	'sm'),
(27,	'New Zealand Grand Prix',	'nz'),
(28,	'Mexican Grand Prix',	'mx'),
(29,	'South African Grand Prix',	'za');

CREATE TABLE `races` (
  `race_id` int(11) NOT NULL,
  `season_id` int(11) NOT NULL,
  `track_id` int(11) NOT NULL,
  `prix_id` int(11) NOT NULL,
  `race_number` int(11) NOT NULL,
  `race_date` text COLLATE utf8_unicode_ci NOT NULL,
  `race_laps` int(11) NOT NULL,
  PRIMARY KEY (`race_id`),
  UNIQUE KEY `season_id_race_number` (`season_id`,`race_number`)
) ENGINE=MyISAM DEFAULT CHARSET=utf8 COLLATE=utf8_unicode_ci;

INSERT INTO `races` (`race_id`, `season_id`, `track_id`, `prix_id`, `race_number`, `race_date`, `race_laps`) VALUES
(101,	1,	2,	2,	1,	'2009-10-31 10:00 Europe/London',	15),
(102,	1,	3,	3,	2,	'2009-11-07 10:30 Europe/London',	15),
(103,	1,	4,	4,	3,	'2009-11-07 11:00 Europe/London',	15),
(104,	1,	1,	1,	4,	'2009-11-14 10:30 Europe/London',	15),
(105,	1,	5,	5,	5,	'2009-11-14 11:00 Europe/London',	15),
(106,	1,	6,	6,	6,	'2009-11-21 10:30 Europe/London',	15),
(107,	1,	7,	7,	7,	'2009-11-21 11:00 Europe/London',	15),
(108,	1,	10,	10,	8,	'2009-11-28 10:30 Europe/London',	15),
(109,	1,	20,	11,	9,	'2009-11-28 11:00 Europe/London',	15),
(110,	1,	12,	12,	10,	'2009-12-05 10:30 Europe/London',	15),
(111,	1,	9,	9,	11,	'2009-12-05 11:00 Europe/London',	15),
(112,	1,	13,	13,	12,	'2009-12-12 10:30 Europe/London',	15),
(113,	1,	14,	14,	13,	'2009-12-12 11:00 Europe/London',	15),
(114,	1,	15,	15,	14,	'2009-12-19 10:30 Europe/London',	15),
(115,	1,	16,	16,	15,	'2009-12-19 11:00 Europe/London',	15),
(116,	1,	18,	18,	16,	'2010-01-02 10:30 Europe/London',	15),
(117,	1,	19,	19,	17,	'2010-01-02 11:00 Europe/London',	15),
(201,	2,	2,	2,	1,	'2010-05-16 10:00 Europe/London',	15),
(202,	2,	3,	3,	2,	'2010-05-23 10:00 Europe/London',	15),
(203,	2,	4,	4,	3,	'2010-05-29 10:00 Europe/London',	15),
(204,	2,	1,	1,	4,	'2010-06-05 10:00 Europe/London',	15),
(205,	2,	5,	5,	5,	'2010-06-12 10:00 Europe/London',	15),
(206,	2,	6,	6,	6,	'2010-06-19 10:00 Europe/London',	15),
(207,	2,	7,	7,	7,	'2010-07-03 10:00 Europe/London',	15),
(208,	2,	10,	10,	8,	'2010-07-10 10:00 Europe/London',	15),
(209,	2,	20,	11,	9,	'2010-07-17 10:00 Europe/London',	15),
(210,	2,	12,	12,	10,	'2010-07-24 10:00 Europe/London',	15),
(211,	2,	9,	9,	11,	'2010-07-31 10:00 Europe/London',	15),
(212,	2,	13,	13,	12,	'2010-08-07 10:00 Europe/London',	15),
(213,	2,	14,	14,	13,	'2010-08-14 10:00 Europe/London',	15),
(214,	2,	15,	15,	14,	'2010-08-21 10:00 Europe/London',	15),
(215,	2,	16,	16,	15,	'2010-08-28 10:00 Europe/London',	15),
(216,	2,	18,	18,	16,	'2010-09-04 10:00 Europe/London',	15),
(217,	2,	19,	19,	17,	'2010-09-11 10:00 Europe/London',	15),
(301,	3,	2,	2,	1,	'2010-09-18 10:00 Europe/London',	20),
(302,	3,	3,	3,	2,	'2010-09-25 10:00 Europe/London',	20),
(303,	3,	4,	4,	3,	'2010-10-02 10:00 Europe/London',	20),
(304,	3,	1,	1,	4,	'2010-10-09 10:00 Europe/London',	20),
(305,	3,	5,	5,	5,	'2010-10-16 10:00 Europe/London',	20),
(306,	3,	6,	6,	6,	'2010-10-23 10:00 Europe/London',	20),
(307,	3,	7,	7,	7,	'2010-10-30 10:00 Europe/London',	20),
(308,	3,	10,	10,	8,	'2010-11-06 10:00 Europe/London',	20),
(309,	3,	20,	11,	9,	'2010-11-13 10:00 Europe/London',	20),
(310,	3,	12,	12,	10,	'2010-11-20 10:00 Europe/London',	20),
(311,	3,	9,	9,	11,	'2010-11-27 10:00 Europe/London',	20),
(312,	3,	13,	13,	12,	'2010-12-04 10:00 Europe/London',	20),
(313,	3,	14,	14,	13,	'2010-12-11 10:00 Europe/London',	20),
(314,	3,	15,	15,	14,	'2010-12-18 10:00 Europe/London',	20),
(315,	3,	16,	16,	15,	'2011-01-01 10:00 Europe/London',	20),
(316,	3,	18,	18,	16,	'2011-01-01 10:00 Europe/London',	20),
(317,	3,	19,	19,	17,	'2011-01-08 10:00 Europe/London',	20),
(401,	4,	1,	1,	1,	'2011-01-22 10:00 Europe/London',	15),
(402,	4,	2,	2,	2,	'2011-01-29 10:00 Europe/London',	15),
(403,	4,	3,	3,	3,	'2011-01-29 10:20 Europe/London',	15),
(404,	4,	4,	4,	4,	'2011-02-05 10:00 Europe/London',	15),
(405,	4,	5,	5,	5,	'2011-02-05 10:20 Europe/London',	15),
(406,	4,	6,	6,	6,	'2011-02-12 10:00 Europe/London',	15),
(407,	4,	7,	7,	7,	'2011-02-12 10:20 Europe/London',	15),
(408,	4,	8,	8,	8,	'2011-02-19 10:00 Europe/London',	15),
(409,	4,	9,	9,	9,	'2011-02-19 10:20 Europe/London',	15),
(410,	4,	10,	10,	10,	'2011-02-26 10:00 Europe/London',	15),
(411,	4,	11,	11,	11,	'2011-02-26 10:20 Europe/London',	15),
(412,	4,	12,	12,	12,	'2011-03-05 10:00 Europe/London',	15),
(413,	4,	13,	13,	13,	'2011-03-05 10:20 Europe/London',	15),
(414,	4,	14,	14,	14,	'2011-03-12 10:00 Europe/London',	15),
(415,	4,	15,	15,	15,	'2011-03-12 10:20 Europe/London',	15),
(416,	4,	16,	16,	16,	'2011-03-19 10:00 Europe/London',	15),
(417,	4,	17,	17,	17,	'2011-03-19 10:20 Europe/London',	15),
(418,	4,	18,	18,	18,	'2011-03-26 10:00 Europe/London',	15),
(419,	4,	19,	19,	19,	'2011-03-26 10:20 Europe/London',	15),
(501,	5,	1,	1,	1,	'2011-04-09 10:00 Europe/London',	15),
(502,	5,	2,	2,	2,	'2011-04-16 10:00 Europe/London',	15),
(503,	5,	3,	3,	3,	'2011-04-16 10:20 Europe/London',	15),
(504,	5,	4,	4,	4,	'2011-04-23 10:00 Europe/London',	15),
(505,	5,	5,	5,	5,	'2011-04-23 10:20 Europe/London',	15),
(506,	5,	6,	6,	6,	'2011-04-30 10:00 Europe/London',	15),
(507,	5,	7,	7,	7,	'2011-04-30 10:20 Europe/London',	15),
(508,	5,	8,	8,	8,	'2011-05-07 10:00 Europe/London',	15),
(509,	5,	9,	9,	9,	'2011-05-07 10:20 Europe/London',	15),
(510,	5,	10,	10,	10,	'2011-05-14 10:00 Europe/London',	15),
(511,	5,	11,	11,	11,	'2011-05-14 10:20 Europe/London',	15),
(512,	5,	12,	12,	12,	'2011-05-21 10:00 Europe/London',	15),
(513,	5,	13,	13,	13,	'2011-05-21 10:20 Europe/London',	15),
(514,	5,	14,	14,	14,	'2011-05-28 10:00 Europe/London',	15),
(515,	5,	15,	15,	15,	'2011-05-28 10:20 Europe/London',	15),
(516,	5,	16,	16,	16,	'2011-06-04 10:00 Europe/London',	15),
(517,	5,	17,	17,	17,	'2011-06-04 10:20 Europe/London',	15),
(518,	5,	18,	18,	18,	'2011-06-11 10:00 Europe/London',	15),
(519,	5,	19,	19,	19,	'2011-06-11 10:20 Europe/London',	15),
(601,	6,	1,	1,	1,	'2011-07-02 10:00 Europe/London',	20),
(602,	6,	2,	2,	2,	'2011-07-02 22:00 Europe/London',	20),
(603,	6,	3,	3,	3,	'2011-07-09 10:00 Europe/London',	20),
(604,	6,	4,	4,	4,	'2011-07-09 22:00 Europe/London',	20),
(605,	6,	5,	5,	5,	'2011-07-16 10:00 Europe/London',	20),
(606,	6,	6,	6,	6,	'2011-07-23 10:00 Europe/London',	20),
(607,	6,	7,	7,	7,	'2011-07-23 22:00 Europe/London',	20),
(608,	6,	8,	8,	8,	'2011-07-30 10:00 Europe/London',	20),
(609,	6,	9,	9,	9,	'2011-07-30 22:00 Europe/London',	20),
(610,	6,	10,	10,	10,	'2011-08-06 10:00 Europe/London',	20),
(611,	6,	11,	11,	11,	'2011-08-06 22:00 Europe/London',	20),
(612,	6,	12,	12,	12,	'2011-08-13 10:00 Europe/London',	20),
(613,	6,	13,	13,	13,	'2011-08-13 22:00 Europe/London',	20),
(614,	6,	14,	14,	14,	'2011-08-20 10:00 Europe/London',	20),
(615,	6,	15,	15,	15,	'2011-08-20 22:00 Europe/London',	20),
(616,	6,	16,	16,	16,	'2011-08-27 10:00 Europe/London',	20),
(617,	6,	17,	17,	17,	'2011-08-27 22:00 Europe/London',	20),
(618,	6,	18,	18,	18,	'2011-09-03 10:00 Europe/London',	20),
(619,	6,	19,	19,	19,	'2011-09-03 22:00 Europe/London',	20),
(701,	7,	1,	1,	1,	'2011-09-24 10:00 Europe/London',	20),
(702,	7,	2,	2,	2,	'2011-09-24 20:00 Europe/London',	20),
(703,	7,	3,	3,	3,	'2011-10-01 10:00 Europe/London',	20),
(704,	7,	4,	4,	4,	'2011-10-01 20:00 Europe/London',	20),
(705,	7,	5,	5,	5,	'2011-10-08 10:00 Europe/London',	20),
(706,	7,	6,	6,	6,	'2011-10-08 20:00 Europe/London',	20),
(707,	7,	7,	7,	7,	'2011-10-15 10:00 Europe/London',	20),
(708,	7,	8,	8,	8,	'2011-10-15 20:00 Europe/London',	20),
(709,	7,	9,	9,	9,	'2011-10-22 10:00 Europe/London',	20),
(710,	7,	10,	10,	10,	'2011-10-22 20:00 Europe/London',	20),
(711,	7,	11,	11,	11,	'2011-10-29 10:00 Europe/London',	20),
(712,	7,	12,	12,	12,	'2011-10-29 20:00 Europe/London',	20),
(713,	7,	13,	13,	13,	'2011-11-05 10:00 Europe/London',	20),
(714,	7,	14,	14,	14,	'2011-11-05 20:00 Europe/London',	20),
(715,	7,	15,	15,	15,	'2011-11-12 10:00 Europe/London',	20),
(716,	7,	16,	16,	16,	'2011-11-12 20:00 Europe/London',	20),
(717,	7,	17,	17,	17,	'2011-11-19 10:00 Europe/London',	20),
(718,	7,	21,	20,	18,	'2011-11-19 20:00 Europe/London',	20),
(719,	7,	18,	18,	19,	'2011-11-26 10:00 Europe/London',	20),
(720,	7,	19,	19,	20,	'2011-11-26 20:00 Europe/London',	20),
(801,	8,	1,	1,	1,	'2011-12-10 10:00 Europe/London',	15),
(802,	8,	2,	2,	2,	'2011-12-10 10:20 Europe/London',	30),
(803,	8,	3,	3,	3,	'2011-12-17 10:00 Europe/London',	20),
(804,	8,	4,	4,	4,	'2011-12-17 10:20 Europe/London',	20),
(805,	8,	5,	5,	5,	'2012-01-07 10:00 Europe/London',	23),
(806,	8,	6,	6,	6,	'2012-01-07 10:20 Europe/London',	25),
(807,	8,	7,	7,	7,	'2012-01-14 10:00 Europe/London',	23),
(808,	8,	8,	8,	8,	'2012-01-14 10:20 Europe/London',	32),
(809,	8,	9,	9,	9,	'2012-01-21 10:00 Europe/London',	27),
(810,	8,	10,	10,	10,	'2012-01-21 10:20 Europe/London',	29),
(811,	8,	11,	11,	11,	'2012-01-28 10:00 Europe/London',	24),
(812,	8,	12,	12,	12,	'2012-01-28 10:20 Europe/London',	26),
(813,	8,	13,	13,	13,	'2012-02-04 10:00 Europe/London',	22),
(814,	8,	14,	14,	14,	'2012-02-04 10:20 Europe/London',	34),
(815,	8,	15,	15,	15,	'2012-02-11 10:00 Europe/London',	24),
(816,	8,	16,	16,	16,	'2012-02-11 10:20 Europe/London',	26),
(817,	8,	17,	17,	17,	'2012-02-18 10:00 Europe/London',	21),
(818,	8,	21,	20,	18,	'2012-02-18 10:20 Europe/London',	24),
(819,	8,	18,	18,	19,	'2012-02-25 10:00 Europe/London',	22),
(820,	8,	19,	19,	20,	'2012-02-25 10:20 Europe/London',	22),
(901,	9,	2,	2,	1,	'2012-03-10 10:00 Europe/London',	27),
(902,	9,	18,	18,	2,	'2012-03-10 10:20 Europe/London',	19),
(903,	9,	3,	3,	3,	'2012-03-17 10:00 Europe/London',	18),
(904,	9,	4,	4,	4,	'2012-03-17 10:20 Europe/London',	16),
(905,	9,	22,	14,	5,	'2012-03-24 10:00 Europe/London',	22),
(906,	9,	5,	5,	6,	'2012-03-24 10:20 Europe/London',	19),
(907,	9,	23,	21,	7,	'2012-03-31 10:00 Europe/London',	23),
(908,	9,	6,	6,	8,	'2012-03-31 10:20 Europe/London',	21),
(909,	9,	8,	8,	9,	'2012-04-07 10:00 Europe/London',	27),
(910,	9,	24,	9,	10,	'2012-04-07 10:20 Europe/London',	23),
(911,	9,	10,	10,	11,	'2012-04-14 10:00 Europe/London',	25),
(912,	9,	25,	22,	12,	'2012-04-14 10:20 Europe/London',	19),
(913,	9,	20,	11,	13,	'2012-04-21 10:00 Europe/London',	21),
(914,	9,	13,	13,	14,	'2012-04-21 10:20 Europe/London',	19),
(915,	9,	26,	23,	15,	'2012-04-28 10:00 Europe/London',	17),
(916,	9,	27,	24,	16,	'2012-04-28 10:20 Europe/London',	20),
(917,	9,	16,	16,	17,	'2012-05-05 10:00 Europe/London',	22),
(918,	9,	17,	17,	18,	'2012-05-05 10:20 Europe/London',	19),
(919,	9,	21,	20,	19,	'2012-05-12 10:00 Europe/London',	20),
(920,	9,	19,	19,	20,	'2012-05-12 10:20 Europe/London',	19),
(1001,	10,	2,	2,	1,	'2012-05-26 10:00 Europe/London',	25),
(1002,	10,	18,	18,	2,	'2012-05-26 10:20 Europe/London',	18),
(1003,	10,	28,	25,	3,	'2012-06-02 10:00 Europe/London',	16),
(1004,	10,	8,	8,	4,	'2012-06-02 10:20 Europe/London',	25),
(1005,	10,	13,	13,	5,	'2012-06-09 10:00 Europe/London',	17),
(1006,	10,	25,	22,	6,	'2012-06-09 10:20 Europe/London',	18),
(1007,	10,	17,	17,	7,	'2012-06-16 10:00 Europe/London',	17),
(1008,	10,	27,	24,	8,	'2012-06-16 10:20 Europe/London',	19),
(1009,	10,	20,	11,	9,	'2012-06-23 10:00 Europe/London',	19),
(1010,	10,	10,	10,	10,	'2012-06-23 10:20 Europe/London',	23),
(1011,	10,	5,	5,	11,	'2012-06-30 10:00 Europe/London',	18),
(1012,	10,	22,	26,	12,	'2012-06-30 10:20 Europe/London',	20),
(1013,	10,	14,	14,	13,	'2012-07-07 10:00 Europe/London',	27),
(1014,	10,	29,	9,	14,	'2012-07-07 10:20 Europe/London',	11),
(1015,	10,	21,	20,	15,	'2012-07-14 10:00 Europe/London',	19),
(1016,	10,	16,	16,	16,	'2012-07-14 10:20 Europe/London',	21),
(1017,	10,	12,	12,	17,	'2012-07-21 10:00 Europe/London',	21),
(1018,	10,	6,	6,	18,	'2012-07-21 10:20 Europe/London',	19),
(1019,	10,	4,	4,	19,	'2012-07-28 10:00 Europe/London',	15),
(1020,	10,	19,	19,	20,	'2012-07-28 10:20 Europe/London',	17),
(1120,	11,	18,	18,	20,	'2012-10-13 20:20 Europe/London',	20),
(1119,	11,	19,	19,	19,	'2012-10-13 20:00 Europe/London',	19),
(1118,	11,	21,	20,	18,	'2012-10-06 20:20 Europe/London',	21),
(1117,	11,	17,	17,	17,	'2012-10-06 20:00 Europe/London',	19),
(1116,	11,	16,	16,	16,	'2012-09-29 20:20 Europe/London',	22),
(1115,	11,	15,	15,	15,	'2012-09-29 20:00 Europe/London',	21),
(1114,	11,	14,	14,	14,	'2012-09-22 20:20 Europe/London',	29),
(1113,	11,	13,	13,	13,	'2012-09-22 20:00 Europe/London',	19),
(1112,	11,	12,	12,	12,	'2012-09-15 20:20 Europe/London',	23),
(1111,	11,	11,	11,	11,	'2012-09-15 20:00 Europe/London',	21),
(1110,	11,	25,	22,	10,	'2012-09-08 20:20 Europe/London',	19),
(1109,	11,	10,	10,	9,	'2012-09-08 20:00 Europe/London',	25),
(1108,	11,	29,	9,	8,	'2012-09-01 20:20 Europe/London',	13),
(1107,	11,	8,	8,	7,	'2012-09-01 20:00 Europe/London',	28),
(1106,	11,	6,	6,	6,	'2012-08-25 20:20 Europe/London',	21),
(1105,	11,	5,	5,	5,	'2012-08-25 20:00 Europe/London',	20),
(1104,	11,	30,	27,	4,	'2012-08-18 20:20 Europe/London',	23),
(1103,	11,	27,	24,	3,	'2012-08-18 20:00 Europe/London',	20),
(1102,	11,	3,	3,	2,	'2012-08-11 20:20 Europe/London',	18),
(1101,	11,	2,	2,	1,	'2012-08-11 20:00 Europe/London',	27),
(1201,	12,	2,	2,	1,	'2012-11-04 10:00 Europe/London',	26),
(1202,	12,	3,	3,	2,	'2012-11-04 10:20 Europe/London',	17),
(1203,	12,	4,	4,	3,	'2012-11-11 10:00 Europe/London',	15),
(1204,	12,	5,	5,	4,	'2012-11-11 10:20 Europe/London',	18),
(1205,	12,	6,	6,	5,	'2012-11-18 10:00 Europe/London',	20),
(1206,	12,	22,	26,	6,	'2012-11-18 10:20 Europe/London',	21),
(1207,	12,	8,	8,	7,	'2012-11-25 10:00 Europe/London',	26),
(1208,	12,	9,	9,	8,	'2012-11-25 10:20 Europe/London',	23),
(1209,	12,	10,	10,	9,	'2012-12-02 10:00 Europe/London',	24),
(1210,	12,	25,	22,	10,	'2012-12-02 10:20 Europe/London',	18),
(1211,	12,	11,	11,	11,	'2012-12-09 10:00 Europe/London',	20),
(1212,	12,	12,	12,	12,	'2012-12-09 10:20 Europe/London',	21),
(1213,	12,	13,	13,	13,	'2012-12-16 10:00 Europe/London',	18),
(1214,	12,	14,	14,	14,	'2012-12-16 10:20 Europe/London',	27),
(1215,	12,	15,	15,	15,	'2012-12-23 10:00 Europe/London',	20),
(1216,	12,	16,	16,	16,	'2012-12-23 10:20 Europe/London',	21),
(1217,	12,	17,	17,	17,	'2012-12-30 10:00 Europe/London',	18),
(1218,	12,	21,	20,	18,	'2012-12-30 10:20 Europe/London',	19),
(1219,	12,	19,	19,	19,	'2013-01-06 10:00 Europe/London',	18),
(1220,	12,	18,	18,	20,	'2013-01-06 10:20 Europe/London',	18),
(1301,	13,	2,	2,	1,	'2013-02-16 10:00 Europe/London',	26),
(1302,	13,	3,	3,	2,	'2013-02-16 10:20 Europe/London',	17),
(1303,	13,	31,	28,	3,	'2013-02-23 10:00 Europe/London',	31),
(1304,	13,	32,	29,	4,	'2013-02-23 10:20 Europe/London',	39),
(1305,	13,	5,	5,	5,	'2013-03-02 10:00 Europe/London',	18),
(1306,	13,	26,	23,	6,	'2013-03-02 10:20 Europe/London',	17),
(1307,	13,	6,	6,	7,	'2013-03-09 10:00 Europe/London',	20),
(1308,	13,	8,	8,	8,	'2013-03-09 10:20 Europe/London',	26),
(1309,	13,	10,	10,	9,	'2013-03-16 10:00 Europe/London',	24),
(1310,	13,	12,	12,	10,	'2013-03-16 10:20 Europe/London',	21),
(1311,	13,	29,	11,	11,	'2013-03-23 10:00 Europe/London',	13),
(1312,	13,	23,	21,	12,	'2013-03-23 10:20 Europe/London',	23),
(1313,	13,	13,	13,	13,	'2013-03-30 10:00 Europe/London',	18),
(1314,	13,	14,	14,	14,	'2013-03-30 10:20 Europe/London',	27),
(1315,	13,	15,	15,	15,	'2013-04-06 10:00 Europe/London',	20),
(1316,	13,	16,	16,	16,	'2013-04-06 10:20 Europe/London',	21),
(1317,	13,	4,	4,	17,	'2013-04-13 10:00 Europe/London',	15),
(1318,	13,	21,	20,	18,	'2013-04-13 10:20 Europe/London',	19),
(1319,	13,	19,	19,	19,	'2013-04-20 10:10 Europe/London',	18),
(1320,	13,	18,	18,	20,	'2013-04-20 10:30 Europe/London',	18);

CREATE TABLE `results` (
  `season_id` int(11) NOT NULL,
  `driver_id` tinytext COLLATE utf8_unicode_ci NOT NULL,
  `race_number` int(11) NOT NULL,
  `result_place` int(11) NOT NULL,
  `result_points` int(11) NOT NULL,
  `car_number` int(11) NOT NULL,
  PRIMARY KEY (`season_id`,`driver_id`(3),`race_number`)
) ENGINE=MyISAM DEFAULT CHARSET=utf8 COLLATE=utf8_unicode_ci;

INSERT INTO `results` (`season_id`, `driver_id`, `race_number`, `result_place`, `result_points`, `car_number`) VALUES
(1,	'ree',	1,	1,	10,	18),
(1,	'hol',	1,	2,	8,	19),
(1,	'car',	1,	3,	6,	10),
(1,	'mel',	1,	4,	5,	15),
(1,	'cop',	1,	5,	4,	4),
(1,	'kos',	1,	6,	3,	1),
(1,	'pac',	1,	8,	1,	9),
(1,	'ree',	2,	1,	10,	18),
(1,	'car',	2,	2,	8,	10),
(1,	'hol',	2,	3,	6,	19),
(1,	'kos',	2,	4,	5,	1),
(1,	'mel',	2,	5,	4,	15),
(1,	'kos',	3,	1,	10,	1),
(1,	'kos',	4,	5,	4,	1),
(1,	'kos',	5,	1,	10,	1),
(1,	'kos',	6,	1,	10,	1),
(1,	'kos',	7,	1,	10,	1),
(1,	'kos',	8,	2,	8,	1),
(1,	'kos',	9,	1,	10,	1),
(1,	'kos',	10,	1,	10,	1),
(1,	'kos',	11,	1,	10,	1),
(1,	'kos',	12,	2,	8,	1),
(1,	'kos',	13,	2,	8,	1),
(1,	'kos',	14,	3,	6,	1),
(1,	'kos',	15,	2,	8,	1),
(1,	'kos',	16,	1,	10,	1),
(1,	'kos',	17,	2,	8,	1),
(1,	'ree',	3,	2,	8,	18),
(1,	'ree',	6,	2,	8,	18),
(1,	'ree',	7,	4,	5,	18),
(1,	'ree',	8,	1,	10,	18),
(1,	'ree',	9,	3,	6,	18),
(1,	'ree',	12,	1,	10,	18),
(1,	'ree',	13,	1,	10,	18),
(1,	'ree',	14,	1,	10,	18),
(1,	'ree',	15,	1,	10,	18),
(1,	'ree',	16,	2,	8,	18),
(1,	'ree',	17,	1,	10,	18),
(1,	'mel',	3,	4,	5,	15),
(1,	'mel',	4,	3,	6,	15),
(1,	'mel',	5,	2,	8,	15),
(1,	'mel',	6,	4,	5,	15),
(1,	'mel',	7,	5,	4,	15),
(1,	'mel',	8,	5,	4,	15),
(1,	'mel',	9,	5,	4,	15),
(1,	'mel',	10,	2,	8,	15),
(1,	'mel',	11,	2,	8,	15),
(1,	'mel',	12,	3,	6,	15),
(1,	'mel',	13,	3,	6,	15),
(1,	'mel',	14,	2,	8,	15),
(1,	'mel',	15,	3,	6,	15),
(1,	'mel',	16,	3,	6,	15),
(1,	'mel',	17,	3,	6,	15),
(1,	'car',	3,	5,	4,	10),
(1,	'car',	4,	1,	10,	10),
(1,	'car',	5,	4,	5,	10),
(1,	'car',	6,	5,	4,	10),
(1,	'car',	7,	2,	8,	10),
(1,	'car',	8,	3,	6,	10),
(1,	'car',	9,	2,	8,	10),
(1,	'car',	10,	5,	4,	10),
(1,	'car',	12,	6,	3,	10),
(1,	'san',	4,	4,	5,	7),
(1,	'san',	5,	3,	6,	7),
(1,	'san',	6,	6,	3,	7),
(1,	'san',	7,	6,	3,	7),
(1,	'san',	8,	6,	3,	7),
(1,	'san',	9,	6,	3,	7),
(1,	'san',	10,	4,	5,	7),
(1,	'san',	11,	4,	5,	7),
(1,	'san',	12,	4,	5,	7),
(1,	'san',	13,	5,	4,	7),
(1,	'san',	16,	5,	4,	7),
(1,	'san',	17,	5,	4,	7),
(1,	'cop',	6,	3,	6,	4),
(1,	'cop',	7,	3,	6,	4),
(1,	'cop',	8,	4,	5,	4),
(1,	'cop',	9,	4,	5,	4),
(1,	'cop',	10,	6,	3,	4),
(1,	'hol',	3,	3,	6,	19),
(1,	'hol',	4,	2,	8,	19),
(1,	'fro',	12,	5,	4,	8),
(1,	'fro',	13,	4,	5,	8),
(1,	'fro',	16,	4,	5,	8),
(1,	'fro',	17,	4,	5,	8),
(1,	'par',	10,	3,	6,	20),
(1,	'par',	11,	3,	6,	20),
(1,	'and',	6,	7,	2,	5),
(2,	'kos',	1,	1,	25,	1),
(2,	'kos',	2,	2,	18,	1),
(2,	'kos',	3,	1,	25,	1),
(2,	'kos',	5,	2,	18,	1),
(2,	'kos',	6,	2,	18,	1),
(2,	'kos',	7,	1,	25,	1),
(2,	'kos',	8,	1,	25,	1),
(2,	'kos',	9,	1,	25,	1),
(2,	'kos',	11,	1,	25,	1),
(2,	'kos',	12,	1,	25,	1),
(2,	'kos',	13,	3,	15,	1),
(2,	'kos',	14,	5,	10,	1),
(2,	'kos',	15,	3,	15,	1),
(2,	'kos',	16,	2,	18,	1),
(2,	'kos',	17,	4,	12,	1),
(2,	'dav',	1,	2,	18,	10),
(2,	'dav',	2,	1,	25,	10),
(2,	'dav',	3,	3,	15,	10),
(2,	'dav',	4,	2,	18,	10),
(2,	'dav',	5,	1,	25,	10),
(2,	'dav',	6,	4,	12,	10),
(2,	'dav',	7,	6,	8,	10),
(2,	'dav',	8,	8,	4,	10),
(2,	'dav',	10,	1,	25,	10),
(2,	'dav',	13,	1,	25,	10),
(2,	'dav',	14,	2,	18,	10),
(2,	'dav',	15,	1,	25,	10),
(2,	'dav',	16,	3,	15,	10),
(2,	'dav',	17,	1,	25,	10),
(2,	'ree',	2,	4,	12,	14),
(2,	'ree',	3,	2,	18,	14),
(2,	'ree',	5,	4,	12,	14),
(2,	'ree',	6,	1,	25,	14),
(2,	'ree',	8,	2,	18,	14),
(2,	'ree',	14,	1,	25,	14),
(2,	'ree',	17,	2,	18,	14),
(2,	'mel',	3,	4,	12,	5),
(2,	'mel',	4,	3,	15,	5),
(2,	'mel',	5,	3,	15,	5),
(2,	'mel',	8,	4,	12,	5),
(2,	'mel',	11,	3,	15,	5),
(2,	'mel',	12,	2,	18,	5),
(2,	'mel',	13,	4,	12,	5),
(2,	'mel',	14,	7,	6,	5),
(2,	'mel',	16,	5,	10,	5),
(2,	'mel',	17,	5,	10,	5),
(2,	'bub',	3,	5,	10,	18),
(2,	'bub',	4,	5,	10,	18),
(2,	'bub',	5,	6,	8,	18),
(2,	'bub',	6,	6,	8,	18),
(2,	'bub',	7,	3,	15,	18),
(2,	'bub',	8,	5,	10,	18),
(2,	'bub',	9,	2,	18,	18),
(2,	'bub',	10,	2,	18,	18),
(2,	'bub',	11,	2,	18,	18),
(2,	'bub',	14,	8,	4,	18),
(2,	'bub',	15,	5,	10,	18),
(2,	'bub',	17,	6,	8,	18),
(2,	'lst',	1,	5,	10,	17),
(2,	'lst',	2,	6,	8,	17),
(2,	'lst',	4,	6,	8,	17),
(2,	'lst',	5,	5,	10,	17),
(2,	'lst',	6,	5,	10,	17),
(2,	'lst',	7,	2,	18,	17),
(2,	'lst',	8,	3,	15,	17),
(2,	'lst',	14,	6,	8,	17),
(2,	'lst',	15,	4,	12,	17),
(2,	'sol',	13,	2,	18,	2),
(2,	'sol',	14,	4,	12,	2),
(2,	'sol',	15,	2,	18,	2),
(2,	'sol',	16,	1,	25,	2),
(2,	'sol',	17,	3,	15,	2),
(2,	'san',	1,	3,	15,	7),
(2,	'san',	2,	5,	10,	7),
(2,	'san',	12,	5,	10,	7),
(2,	'san',	13,	7,	6,	7),
(2,	'san',	14,	3,	15,	7),
(2,	'san',	16,	4,	12,	7),
(2,	'jak',	5,	7,	6,	3),
(2,	'jak',	6,	8,	4,	3),
(2,	'jak',	7,	5,	10,	3),
(2,	'jak',	8,	7,	6,	3),
(2,	'jak',	9,	4,	12,	3),
(2,	'jak',	10,	3,	15,	3),
(2,	'jak',	13,	5,	10,	3),
(2,	'jak',	14,	10,	1,	3),
(2,	'jak',	15,	8,	4,	3),
(2,	'alm',	11,	4,	12,	6),
(2,	'alm',	12,	4,	12,	6),
(2,	'alm',	13,	6,	8,	6),
(2,	'alm',	16,	6,	8,	6),
(2,	'alm',	17,	8,	4,	6),
(2,	'car',	4,	1,	25,	19),
(2,	'car',	6,	3,	15,	19),
(2,	'vin',	6,	10,	1,	11),
(2,	'vin',	7,	4,	12,	11),
(2,	'vin',	8,	6,	8,	11),
(2,	'vin',	9,	3,	15,	11),
(2,	'wil',	1,	6,	8,	16),
(2,	'wil',	3,	7,	6,	16),
(2,	'wil',	4,	4,	12,	16),
(2,	'wil',	5,	8,	4,	16),
(2,	'wil',	6,	7,	6,	16),
(2,	'fro',	10,	4,	12,	8),
(2,	'fro',	14,	9,	2,	8),
(2,	'fro',	15,	6,	8,	8),
(2,	'fro',	16,	7,	6,	8),
(2,	'fro',	17,	7,	6,	8),
(2,	'kri',	6,	9,	2,	4),
(2,	'kri',	10,	5,	10,	4),
(2,	'kri',	15,	7,	6,	4),
(2,	'dst',	2,	3,	15,	15),
(2,	'cas',	12,	3,	15,	12),
(2,	'moi',	1,	4,	12,	2),
(2,	'and',	3,	6,	8,	9),
(2,	'llo',	17,	9,	2,	9),
(3,	'kos',	1,	5,	10,	1),
(3,	'kos',	2,	3,	15,	1),
(3,	'kos',	3,	3,	15,	1),
(3,	'kos',	4,	2,	18,	1),
(3,	'kos',	5,	1,	25,	1),
(3,	'kos',	6,	1,	25,	1),
(3,	'kos',	7,	1,	25,	1),
(3,	'kos',	8,	1,	25,	1),
(3,	'kos',	9,	2,	18,	1),
(3,	'kos',	10,	1,	25,	1),
(3,	'kos',	11,	1,	25,	1),
(3,	'kos',	12,	1,	25,	1),
(3,	'kos',	13,	1,	25,	1),
(3,	'kos',	14,	1,	25,	1),
(3,	'kos',	17,	1,	25,	1),
(3,	'mel',	1,	11,	0,	7),
(3,	'mel',	2,	5,	10,	7),
(3,	'mel',	3,	4,	12,	7),
(3,	'mel',	4,	3,	15,	7),
(3,	'mel',	5,	3,	15,	7),
(3,	'mel',	6,	3,	15,	7),
(3,	'mel',	7,	3,	15,	7),
(3,	'mel',	8,	5,	10,	7),
(3,	'mel',	9,	3,	15,	7),
(3,	'mel',	10,	4,	12,	7),
(3,	'mel',	13,	2,	18,	7),
(3,	'mel',	14,	4,	12,	7),
(3,	'mel',	15,	4,	12,	7),
(3,	'mel',	16,	3,	15,	7),
(3,	'mel',	17,	6,	8,	7),
(3,	'sol',	1,	1,	25,	3),
(3,	'sol',	2,	2,	18,	3),
(3,	'sol',	3,	2,	18,	3),
(3,	'sol',	4,	1,	25,	3),
(3,	'sol',	5,	2,	18,	3),
(3,	'sol',	7,	2,	18,	3),
(3,	'sol',	8,	3,	15,	3),
(3,	'sol',	9,	1,	25,	3),
(3,	'ree',	2,	4,	12,	10),
(3,	'ree',	8,	2,	18,	10),
(3,	'ree',	10,	6,	8,	10),
(3,	'ree',	11,	2,	18,	10),
(3,	'ree',	14,	2,	18,	10),
(3,	'ree',	15,	2,	18,	10),
(3,	'ree',	16,	1,	25,	10),
(3,	'ree',	17,	2,	18,	10),
(3,	'dav',	1,	2,	18,	9),
(3,	'dav',	2,	1,	25,	9),
(3,	'dav',	3,	1,	25,	9),
(3,	'dav',	4,	4,	12,	9),
(3,	'dav',	6,	2,	18,	9),
(3,	'dav',	7,	4,	12,	9),
(3,	'dav',	11,	6,	8,	9),
(3,	'dav',	17,	8,	4,	9),
(3,	'fro',	1,	4,	12,	15),
(3,	'fro',	2,	8,	4,	15),
(3,	'fro',	3,	5,	10,	15),
(3,	'fro',	4,	5,	10,	15),
(3,	'fro',	6,	5,	10,	15),
(3,	'fro',	7,	7,	6,	15),
(3,	'fro',	8,	6,	8,	15),
(3,	'fro',	9,	6,	8,	15),
(3,	'fro',	12,	5,	10,	15),
(3,	'fro',	13,	4,	12,	15),
(3,	'fro',	14,	3,	15,	15),
(3,	'fro',	17,	4,	12,	15),
(3,	'bub',	1,	7,	6,	2),
(3,	'bub',	2,	9,	2,	2),
(3,	'bub',	3,	6,	8,	2),
(3,	'bub',	4,	6,	8,	2),
(3,	'bub',	5,	4,	12,	2),
(3,	'bub',	8,	7,	6,	2),
(3,	'bub',	9,	5,	10,	2),
(3,	'bub',	10,	5,	10,	2),
(3,	'bub',	11,	4,	12,	2),
(3,	'bub',	12,	4,	12,	2),
(3,	'bub',	13,	8,	4,	2),
(3,	'bub',	17,	9,	2,	2),
(3,	'llo',	1,	6,	8,	4),
(3,	'llo',	2,	7,	6,	4),
(3,	'llo',	7,	5,	10,	4),
(3,	'llo',	8,	8,	4,	4),
(3,	'llo',	9,	4,	12,	4),
(3,	'llo',	10,	3,	15,	4),
(3,	'llo',	12,	3,	15,	4),
(3,	'kol',	15,	1,	25,	5),
(3,	'kol',	16,	2,	18,	5),
(3,	'kol',	17,	3,	15,	5),
(3,	'lst',	8,	4,	12,	11),
(3,	'lst',	10,	2,	18,	11),
(3,	'lst',	12,	2,	18,	11),
(3,	'lst',	17,	5,	10,	11),
(3,	'lar',	10,	9,	2,	24),
(3,	'lar',	12,	9,	2,	24),
(3,	'lar',	13,	5,	10,	24),
(3,	'lar',	14,	6,	8,	24),
(3,	'lar',	15,	3,	15,	24),
(3,	'lar',	16,	4,	12,	24),
(3,	'lar',	17,	7,	6,	24),
(3,	'cha',	10,	7,	6,	25),
(3,	'cha',	12,	7,	6,	25),
(3,	'cha',	13,	6,	8,	25),
(3,	'cha',	14,	7,	6,	25),
(3,	'cha',	15,	5,	10,	25),
(3,	'cha',	16,	5,	10,	25),
(3,	'cha',	17,	10,	1,	25),
(3,	'alm',	1,	10,	1,	8),
(3,	'alm',	2,	6,	8,	8),
(3,	'alm',	11,	3,	15,	8),
(3,	'alm',	13,	7,	6,	8),
(3,	'cas',	7,	6,	8,	17),
(3,	'cas',	11,	5,	10,	17),
(3,	'cas',	12,	6,	8,	17),
(3,	'san',	1,	3,	15,	14),
(3,	'san',	5,	5,	10,	14),
(3,	'dst',	13,	3,	15,	12),
(3,	'and',	1,	9,	2,	5),
(3,	'and',	3,	7,	6,	5),
(3,	'wil',	1,	8,	4,	12),
(3,	'nei',	10,	8,	4,	16),
(3,	'krl',	14,	8,	4,	6),
(4,	'kol',	1,	1,	25,	17),
(4,	'kos',	1,	2,	18,	1),
(4,	'fro',	1,	3,	15,	6),
(4,	'mel',	1,	4,	12,	9),
(4,	'krz',	1,	5,	10,	4),
(4,	'lar',	1,	6,	8,	11),
(4,	'cha',	1,	7,	6,	12),
(4,	'dav',	1,	8,	4,	16),
(4,	'kol',	2,	1,	25,	17),
(4,	'kos',	2,	2,	18,	1),
(4,	'fro',	2,	6,	8,	6),
(4,	'krz',	2,	4,	12,	4),
(4,	'ree',	2,	3,	15,	5),
(4,	'dav',	2,	10,	1,	16),
(4,	'lst',	2,	5,	10,	2),
(4,	'mel',	2,	9,	2,	9),
(4,	'san',	2,	7,	6,	15),
(4,	'bub',	2,	8,	4,	3),
(4,	'kol',	3,	2,	18,	17),
(4,	'kos',	3,	1,	25,	1),
(4,	'fro',	3,	4,	12,	6),
(4,	'krz',	3,	7,	6,	4),
(4,	'ree',	3,	5,	10,	5),
(4,	'dav',	3,	3,	15,	16),
(4,	'lst',	3,	6,	8,	2),
(4,	'mel',	3,	9,	2,	9),
(4,	'san',	3,	8,	4,	15),
(4,	'bub',	3,	10,	1,	3),
(4,	'kol',	4,	1,	25,	17),
(4,	'kos',	4,	2,	18,	1),
(4,	'krz',	4,	3,	15,	4),
(4,	'fro',	4,	4,	12,	6),
(4,	'lst',	4,	5,	10,	2),
(4,	'san',	4,	6,	8,	15),
(4,	'rib',	4,	7,	6,	19),
(4,	'mel',	4,	8,	4,	9),
(4,	'lar',	4,	9,	2,	11),
(4,	'fin',	4,	10,	1,	18),
(4,	'cha',	4,	11,	0,	12),
(4,	'kos',	5,	1,	25,	1),
(4,	'kol',	5,	2,	18,	17),
(4,	'fro',	5,	3,	15,	6),
(4,	'krz',	5,	4,	12,	4),
(4,	'mel',	5,	5,	10,	9),
(4,	'san',	5,	6,	8,	15),
(4,	'lar',	5,	7,	6,	11),
(4,	'fin',	5,	8,	4,	18),
(4,	'cha',	5,	9,	2,	12),
(4,	'rib',	5,	10,	1,	19),
(4,	'lst',	5,	11,	0,	2),
(4,	'kol',	6,	1,	25,	17),
(4,	'kos',	6,	2,	18,	1),
(4,	'krz',	6,	3,	15,	4),
(4,	'mel',	6,	4,	12,	9),
(4,	'lar',	6,	5,	10,	11),
(4,	'san',	6,	6,	8,	15),
(4,	'cop',	6,	7,	6,	24),
(4,	'cha',	6,	8,	4,	12),
(4,	'krz',	7,	1,	25,	4),
(4,	'kos',	7,	2,	18,	1),
(4,	'kol',	7,	3,	15,	17),
(4,	'cop',	7,	4,	12,	24),
(4,	'lar',	7,	5,	10,	11),
(4,	'san',	7,	6,	8,	15),
(4,	'mel',	7,	7,	6,	9),
(4,	'cha',	7,	8,	4,	12),
(4,	'kol',	8,	1,	25,	17),
(4,	'krz',	8,	2,	18,	4),
(4,	'ree',	8,	3,	15,	5),
(4,	'rib',	8,	4,	12,	19),
(4,	'kos',	8,	5,	10,	1),
(4,	'lar',	8,	6,	8,	11),
(4,	'san',	8,	7,	6,	15),
(4,	'cha',	8,	8,	4,	12),
(4,	'mel',	8,	9,	2,	9),
(4,	'fro',	8,	10,	1,	6),
(4,	'fin',	8,	11,	0,	18),
(4,	'llo',	8,	12,	0,	10),
(4,	'kos',	9,	1,	25,	1),
(4,	'ree',	9,	2,	18,	5),
(4,	'krz',	9,	3,	15,	4),
(4,	'rib',	9,	4,	12,	19),
(4,	'fro',	9,	5,	10,	6),
(4,	'lar',	9,	6,	8,	11),
(4,	'san',	9,	7,	6,	15),
(4,	'mel',	9,	8,	4,	9),
(4,	'fin',	9,	9,	2,	18),
(4,	'llo',	9,	10,	1,	10),
(4,	'kol',	9,	11,	0,	17),
(4,	'cha',	9,	12,	0,	12),
(4,	'kos',	10,	1,	25,	1),
(4,	'krz',	10,	2,	18,	4),
(4,	'rib',	10,	3,	15,	19),
(4,	'fro',	10,	4,	12,	6),
(4,	'ree',	10,	5,	10,	5),
(4,	'kol',	10,	6,	8,	17),
(4,	'cha',	10,	7,	6,	12),
(4,	'lar',	10,	8,	4,	11),
(4,	'mel',	10,	9,	2,	9),
(4,	'fin',	10,	10,	1,	18),
(4,	'san',	10,	11,	0,	15),
(4,	'lst',	10,	12,	0,	2),
(4,	'bub',	10,	13,	0,	3),
(4,	'fro',	11,	1,	25,	6),
(4,	'kos',	11,	2,	18,	1),
(4,	'kol',	11,	3,	15,	17),
(4,	'ree',	11,	4,	12,	5),
(4,	'lst',	11,	5,	10,	2),
(4,	'rib',	11,	6,	8,	19),
(4,	'llo',	11,	7,	6,	10),
(4,	'san',	11,	8,	4,	15),
(4,	'fin',	11,	9,	2,	18),
(4,	'lar',	11,	10,	1,	11),
(4,	'bub',	11,	11,	0,	3),
(4,	'mel',	11,	12,	0,	9),
(4,	'krz',	11,	13,	0,	4),
(4,	'cha',	11,	14,	0,	12),
(4,	'kol',	12,	1,	25,	17),
(4,	'kos',	12,	2,	18,	1),
(4,	'krz',	12,	3,	15,	4),
(4,	'ree',	12,	4,	12,	5),
(4,	'fro',	12,	5,	10,	6),
(4,	'mel',	12,	6,	8,	9),
(4,	'lar',	12,	7,	6,	11),
(4,	'llo',	12,	8,	4,	10),
(4,	'bub',	12,	9,	2,	3),
(4,	'fin',	12,	10,	1,	18),
(4,	'san',	12,	11,	0,	15),
(4,	'cha',	12,	12,	0,	12),
(4,	'kol',	13,	1,	25,	17),
(4,	'fro',	13,	2,	18,	6),
(4,	'ree',	13,	3,	15,	5),
(4,	'kos',	13,	4,	12,	1),
(4,	'llo',	13,	5,	10,	10),
(4,	'lar',	13,	6,	8,	11),
(4,	'krz',	13,	7,	6,	4),
(4,	'bub',	13,	8,	4,	3),
(4,	'mel',	13,	9,	2,	9),
(4,	'san',	13,	10,	1,	15),
(4,	'fin',	13,	11,	0,	18),
(4,	'cha',	13,	12,	0,	12),
(4,	'kos',	14,	1,	25,	1),
(4,	'kol',	14,	2,	18,	17),
(4,	'fro',	14,	3,	15,	6),
(4,	'llo',	14,	4,	12,	10),
(4,	'san',	14,	5,	10,	15),
(4,	'lar',	14,	6,	8,	11),
(4,	'rib',	14,	7,	6,	19),
(4,	'mel',	14,	8,	4,	9),
(4,	'cha',	14,	9,	2,	12),
(4,	'bub',	14,	10,	1,	3),
(4,	'kos',	15,	1,	25,	1),
(4,	'rib',	15,	2,	18,	19),
(4,	'san',	15,	3,	15,	15),
(4,	'kol',	15,	4,	12,	17),
(4,	'mel',	15,	5,	10,	9),
(4,	'llo',	15,	6,	8,	10),
(4,	'fro',	15,	7,	6,	6),
(4,	'lar',	15,	8,	4,	11),
(4,	'cha',	15,	9,	2,	12),
(4,	'bub',	15,	10,	1,	3),
(4,	'rib',	16,	1,	25,	19),
(4,	'kol',	16,	2,	18,	17),
(4,	'kos',	16,	3,	15,	1),
(4,	'san',	16,	4,	12,	15),
(4,	'mel',	16,	5,	10,	9),
(4,	'lar',	16,	6,	8,	11),
(4,	'fro',	16,	7,	6,	6),
(4,	'llo',	16,	8,	4,	10),
(4,	'fin',	16,	9,	2,	18),
(4,	'rib',	17,	1,	25,	19),
(4,	'kos',	17,	2,	18,	1),
(4,	'fro',	17,	3,	15,	6),
(4,	'mel',	17,	4,	12,	9),
(4,	'llo',	17,	5,	10,	10),
(4,	'lar',	17,	6,	8,	11),
(4,	'fin',	17,	7,	6,	18),
(4,	'san',	17,	8,	4,	15),
(4,	'kol',	17,	9,	2,	17),
(4,	'kos',	18,	1,	25,	1),
(4,	'kol',	18,	2,	18,	17),
(4,	'krz',	18,	3,	15,	4),
(4,	'rib',	18,	4,	12,	19),
(4,	'llo',	18,	5,	10,	10),
(4,	'mel',	18,	6,	8,	9),
(4,	'fro',	18,	7,	6,	6),
(4,	'lar',	18,	8,	4,	11),
(4,	'man',	18,	9,	2,	16),
(4,	'kol',	19,	1,	25,	17),
(4,	'kos',	19,	2,	18,	1),
(4,	'rib',	19,	3,	15,	19),
(4,	'krz',	19,	4,	12,	4),
(4,	'fro',	19,	5,	10,	6),
(4,	'mel',	19,	6,	8,	9),
(4,	'llo',	19,	7,	6,	10),
(4,	'lar',	19,	8,	4,	11),
(4,	'man',	19,	9,	2,	16),
(5,	'kol',	1,	1,	25,	1),
(5,	'kos',	1,	2,	18,	3),
(5,	'rib',	1,	3,	15,	9),
(5,	'lar',	1,	4,	12,	10),
(5,	'llo',	1,	5,	10,	2),
(5,	'mel',	1,	6,	8,	23),
(5,	'fro',	1,	7,	6,	5),
(5,	'san',	1,	8,	4,	15),
(5,	'bub',	1,	9,	2,	7),
(5,	'cha',	1,	10,	1,	22),
(5,	'rug',	1,	11,	0,	12),
(5,	'krz',	1,	12,	0,	14),
(5,	'rib',	2,	1,	25,	9),
(5,	'kol',	2,	2,	18,	1),
(5,	'san',	2,	3,	15,	15),
(5,	'llo',	2,	4,	12,	2),
(5,	'kos',	2,	5,	10,	3),
(5,	'fro',	2,	6,	8,	5),
(5,	'bub',	2,	7,	6,	7),
(5,	'lar',	2,	8,	4,	10),
(5,	'mel',	2,	9,	2,	23),
(5,	'rug',	2,	10,	1,	12),
(5,	'rib',	3,	1,	25,	9),
(5,	'kol',	3,	2,	18,	1),
(5,	'mel',	3,	3,	15,	23),
(5,	'kos',	3,	4,	12,	3),
(5,	'bub',	3,	5,	10,	7),
(5,	'fro',	3,	6,	8,	5),
(5,	'lar',	3,	7,	6,	10),
(5,	'san',	3,	8,	4,	15),
(5,	'rug',	3,	9,	2,	12),
(5,	'llo',	3,	10,	1,	2),
(5,	'rib',	4,	1,	25,	9),
(5,	'krz',	4,	2,	18,	14),
(5,	'kol',	4,	3,	15,	1),
(5,	'lar',	4,	4,	12,	10),
(5,	'llo',	4,	5,	10,	2),
(5,	'san',	4,	6,	8,	15),
(5,	'kos',	4,	7,	6,	3),
(5,	'fro',	4,	8,	4,	5),
(5,	'bub',	4,	9,	2,	7),
(5,	'cha',	4,	10,	1,	22),
(5,	'nie',	4,	11,	0,	8),
(5,	'kol',	5,	1,	25,	1),
(5,	'rib',	5,	2,	18,	9),
(5,	'krz',	5,	3,	15,	14),
(5,	'kos',	5,	4,	12,	3),
(5,	'lar',	5,	5,	10,	10),
(5,	'llo',	5,	6,	8,	2),
(5,	'san',	5,	7,	6,	15),
(5,	'bub',	5,	8,	4,	7),
(5,	'cha',	5,	9,	2,	22),
(5,	'fro',	5,	10,	1,	5),
(5,	'rib',	6,	1,	25,	9),
(5,	'kos',	6,	2,	18,	3),
(5,	'kol',	6,	3,	15,	1),
(5,	'fro',	6,	4,	12,	5),
(5,	'cha',	6,	5,	10,	22),
(5,	'lst',	6,	6,	8,	4),
(5,	'bub',	6,	7,	6,	7),
(5,	'san',	6,	8,	4,	15),
(5,	'jes',	6,	9,	2,	20),
(5,	'lar',	6,	10,	1,	10),
(5,	'sta',	6,	11,	0,	24),
(5,	'cme',	6,	12,	0,	25),
(5,	'rib',	7,	1,	25,	9),
(5,	'kol',	7,	2,	18,	1),
(5,	'san',	7,	3,	15,	15),
(5,	'fro',	7,	4,	12,	5),
(5,	'cha',	7,	5,	10,	22),
(5,	'bub',	7,	6,	8,	7),
(5,	'lar',	7,	7,	6,	10),
(5,	'jes',	7,	8,	4,	20),
(5,	'kos',	7,	9,	2,	3),
(5,	'lst',	7,	10,	1,	4),
(5,	'sta',	7,	11,	0,	24),
(5,	'cme',	7,	12,	0,	25),
(5,	'kos',	8,	1,	25,	3),
(5,	'rib',	8,	2,	18,	9),
(5,	'krz',	8,	3,	15,	14),
(5,	'kol',	8,	4,	12,	1),
(5,	'lar',	8,	5,	10,	10),
(5,	'san',	8,	6,	8,	15),
(5,	'bub',	8,	7,	6,	7),
(5,	'cha',	8,	8,	4,	22),
(5,	'jes',	8,	9,	2,	20),
(5,	'mel',	8,	10,	1,	23),
(5,	'fro',	8,	11,	0,	5),
(5,	'kos',	9,	1,	25,	3),
(5,	'kol',	9,	2,	18,	1),
(5,	'rib',	9,	3,	15,	9),
(5,	'lar',	9,	4,	12,	10),
(5,	'fro',	9,	5,	10,	5),
(5,	'mel',	9,	6,	8,	23),
(5,	'bub',	9,	7,	6,	7),
(5,	'cha',	9,	8,	4,	22),
(5,	'jes',	9,	9,	2,	20),
(5,	'krz',	9,	10,	1,	14),
(5,	'san',	9,	11,	0,	15),
(5,	'rib',	10,	1,	25,	9),
(5,	'kol',	10,	2,	18,	1),
(5,	'kos',	10,	3,	15,	3),
(5,	'llo',	10,	4,	12,	2),
(5,	'krz',	10,	5,	10,	14),
(5,	'cha',	10,	6,	8,	22),
(5,	'lar',	10,	7,	6,	10),
(5,	'bub',	10,	8,	4,	7),
(5,	'fro',	10,	9,	2,	5),
(5,	'mel',	10,	10,	1,	23),
(5,	'rib',	11,	1,	25,	9),
(5,	'kos',	11,	2,	18,	3),
(5,	'kol',	11,	3,	15,	1),
(5,	'cha',	11,	4,	12,	22),
(5,	'llo',	11,	5,	10,	2),
(5,	'bub',	11,	6,	8,	7),
(5,	'mel',	11,	7,	6,	23),
(5,	'lar',	11,	8,	4,	10),
(5,	'krz',	11,	9,	2,	14),
(5,	'fro',	11,	10,	1,	5),
(5,	'rib',	12,	1,	25,	9),
(5,	'kos',	12,	2,	18,	3),
(5,	'kol',	12,	3,	15,	1),
(5,	'mel',	12,	4,	12,	23),
(5,	'bub',	12,	5,	10,	7),
(5,	'fro',	12,	6,	8,	5),
(5,	'lar',	12,	7,	6,	10),
(5,	'cha',	12,	8,	4,	22),
(5,	'cat',	12,	9,	2,	21),
(5,	'rib',	13,	1,	25,	9),
(5,	'kol',	13,	2,	18,	1),
(5,	'fro',	13,	3,	15,	5),
(5,	'mel',	13,	4,	12,	23),
(5,	'lar',	13,	5,	10,	10),
(5,	'bub',	13,	6,	8,	7),
(5,	'cha',	13,	7,	6,	22),
(5,	'rob',	13,	8,	4,	6),
(5,	'cat',	13,	9,	2,	21),
(5,	'kos',	13,	10,	1,	3),
(5,	'rib',	14,	1,	25,	9),
(5,	'kos',	14,	2,	18,	3),
(5,	'lst',	14,	3,	15,	4),
(5,	'kol',	14,	4,	12,	1),
(5,	'lar',	14,	5,	10,	10),
(5,	'mel',	14,	6,	8,	23),
(5,	'cha',	14,	7,	6,	22),
(5,	'bub',	14,	8,	4,	7),
(5,	'rib',	15,	1,	25,	9),
(5,	'kol',	15,	2,	18,	1),
(5,	'kos',	15,	3,	15,	3),
(5,	'mel',	15,	4,	12,	23),
(5,	'lst',	15,	5,	10,	4),
(5,	'lar',	15,	6,	8,	10),
(5,	'bub',	15,	7,	6,	7),
(5,	'cha',	15,	8,	4,	22),
(5,	'kos',	16,	1,	25,	3),
(5,	'rib',	16,	2,	18,	9),
(5,	'kol',	16,	3,	15,	1),
(5,	'mel',	16,	4,	12,	23),
(5,	'bub',	16,	5,	10,	7),
(5,	'fro',	16,	6,	8,	5),
(5,	'rib',	17,	1,	25,	9),
(5,	'kol',	17,	2,	18,	1),
(5,	'mel',	17,	3,	15,	23),
(5,	'bub',	17,	4,	12,	7),
(5,	'fro',	17,	5,	10,	5),
(5,	'kos',	17,	6,	8,	3),
(5,	'kol',	18,	1,	25,	1),
(5,	'ree',	18,	2,	18,	6),
(5,	'mel',	18,	3,	15,	23),
(5,	'kos',	18,	4,	12,	3),
(5,	'krz',	18,	5,	10,	14),
(5,	'bub',	18,	6,	8,	7),
(5,	'lst',	18,	7,	6,	4),
(5,	'kos',	19,	1,	25,	3),
(5,	'ree',	19,	2,	18,	6),
(5,	'mel',	19,	3,	15,	23),
(5,	'bub',	19,	4,	12,	7),
(5,	'kol',	19,	5,	10,	1),
(5,	'lst',	19,	6,	8,	4),
(5,	'krz',	19,	7,	6,	14),
(6,	'rib',	1,	1,	25,	1),
(6,	'kos',	1,	2,	18,	12),
(6,	'kol',	1,	3,	15,	5),
(6,	'san',	1,	4,	12,	2),
(6,	'lar',	1,	5,	10,	3),
(6,	'mel',	1,	6,	8,	4),
(6,	'llo',	1,	7,	6,	21),
(6,	'fro',	1,	8,	4,	20),
(6,	'bub',	1,	9,	2,	25),
(6,	'cer',	1,	10,	1,	24),
(6,	'pan',	1,	11,	0,	22),
(6,	'dav',	1,	12,	0,	10),
(6,	'ree',	2,	1,	25,	11),
(6,	'gro',	2,	2,	18,	18),
(6,	'kol',	2,	3,	15,	5),
(6,	'san',	2,	4,	12,	2),
(6,	'kos',	2,	5,	10,	12),
(6,	'pan',	2,	6,	8,	22),
(6,	'mel',	2,	7,	6,	4),
(6,	'cha',	2,	8,	4,	9),
(6,	'lar',	2,	9,	2,	3),
(6,	'duj',	2,	10,	1,	15),
(6,	'cer',	2,	11,	0,	24),
(6,	'dvi',	2,	12,	0,	19),
(6,	'kos',	3,	1,	25,	12),
(6,	'san',	3,	2,	18,	2),
(6,	'kol',	3,	3,	15,	5),
(6,	'lst',	3,	4,	12,	7),
(6,	'ree',	3,	5,	10,	11),
(6,	'fro',	3,	6,	8,	20),
(6,	'lar',	3,	7,	6,	3),
(6,	'bub',	3,	8,	4,	25),
(6,	'mel',	3,	9,	2,	4),
(6,	'cha',	3,	10,	1,	9),
(6,	'pan',	3,	11,	0,	22),
(6,	'cer',	3,	12,	0,	24),
(6,	'krl',	3,	13,	0,	17),
(6,	'fro',	4,	1,	25,	20),
(6,	'kos',	4,	2,	18,	12),
(6,	'san',	4,	3,	15,	2),
(6,	'lar',	4,	4,	12,	3),
(6,	'cha',	4,	5,	10,	9),
(6,	'lst',	4,	6,	8,	7),
(6,	'bub',	4,	7,	6,	25),
(6,	'pan',	4,	8,	4,	22),
(6,	'cer',	4,	9,	2,	24),
(6,	'vin',	4,	10,	1,	16),
(6,	'krl',	4,	11,	0,	17),
(6,	'sla',	4,	12,	0,	23),
(6,	'mel',	4,	13,	0,	4),
(6,	'kol',	4,	14,	0,	5),
(6,	'ciu',	4,	15,	0,	19),
(6,	'kos',	5,	1,	25,	12),
(6,	'rib',	5,	2,	18,	1),
(6,	'kol',	5,	3,	15,	5),
(6,	'krz',	5,	4,	12,	6),
(6,	'mel',	5,	5,	10,	4),
(6,	'san',	5,	6,	8,	2),
(6,	'lar',	5,	7,	6,	3),
(6,	'fro',	5,	8,	4,	20),
(6,	'fer',	5,	9,	2,	23),
(6,	'ree',	5,	10,	1,	11),
(6,	'cer',	5,	11,	0,	24),
(6,	'ciu',	5,	12,	0,	19),
(6,	'pan',	5,	13,	0,	22),
(6,	'bub',	5,	14,	0,	25),
(6,	'kol',	6,	1,	25,	5),
(6,	'kos',	6,	2,	18,	12),
(6,	'san',	6,	3,	15,	2),
(6,	'fro',	6,	4,	12,	20),
(6,	'bub',	6,	5,	10,	25),
(6,	'krz',	6,	6,	8,	6),
(6,	'mel',	6,	7,	6,	4),
(6,	'ree',	6,	8,	4,	11),
(6,	'lar',	6,	9,	2,	3),
(6,	'kos',	7,	1,	25,	12),
(6,	'kol',	7,	2,	18,	5),
(6,	'fer',	7,	3,	15,	6),
(6,	'fro',	7,	4,	12,	20),
(6,	'san',	7,	5,	10,	2),
(6,	'mel',	7,	6,	8,	4),
(6,	'pan',	7,	7,	6,	21),
(6,	'sua',	7,	8,	4,	23),
(6,	'bub',	7,	9,	2,	25),
(6,	'lar',	7,	10,	1,	3),
(6,	'cha',	7,	11,	0,	9),
(6,	'rib',	8,	1,	25,	1),
(6,	'san',	8,	2,	18,	2),
(6,	'ree',	8,	3,	15,	11),
(6,	'fro',	8,	4,	12,	20),
(6,	'pan',	8,	5,	10,	21),
(6,	'kos',	8,	6,	8,	12),
(6,	'bub',	8,	7,	6,	25),
(6,	'lar',	8,	8,	4,	3),
(6,	'kol',	8,	9,	2,	5),
(6,	'fer',	8,	10,	1,	6),
(6,	'cer',	8,	11,	0,	24),
(6,	'sua',	8,	12,	0,	23),
(6,	'cha',	8,	13,	0,	9),
(6,	'rib',	9,	1,	25,	1),
(6,	'kos',	9,	2,	18,	12),
(6,	'kol',	9,	3,	15,	5),
(6,	'fer',	9,	4,	12,	6),
(6,	'pan',	9,	5,	10,	21),
(6,	'san',	9,	6,	8,	2),
(6,	'mel',	9,	7,	6,	4),
(6,	'lar',	9,	8,	4,	3),
(6,	'fro',	9,	9,	2,	20),
(6,	'cer',	9,	10,	1,	24),
(6,	'sua',	9,	11,	0,	23),
(6,	'bub',	9,	12,	0,	25),
(6,	'san',	10,	1,	25,	2),
(6,	'rib',	10,	2,	18,	1),
(6,	'fro',	10,	3,	15,	20),
(6,	'kos',	10,	4,	12,	12),
(6,	'kol',	10,	5,	10,	5),
(6,	'ree',	10,	6,	8,	11),
(6,	'mel',	10,	7,	6,	4),
(6,	'bub',	10,	8,	4,	25),
(6,	'fuf',	10,	9,	2,	14),
(6,	'cer',	10,	10,	1,	24),
(6,	'cap',	10,	11,	0,	15),
(6,	'pan',	10,	12,	0,	21),
(6,	'rib',	11,	1,	25,	1),
(6,	'san',	11,	2,	18,	2),
(6,	'kol',	11,	3,	15,	5),
(6,	'kos',	11,	4,	12,	12),
(6,	'pan',	11,	5,	10,	21),
(6,	'fro',	11,	6,	8,	20),
(6,	'lar',	11,	7,	6,	3),
(6,	'cer',	11,	8,	4,	24),
(6,	'cap',	11,	9,	2,	15),
(6,	'fer',	11,	10,	1,	6),
(6,	'rib',	12,	1,	25,	1),
(6,	'kol',	12,	2,	18,	5),
(6,	'san',	12,	3,	15,	2),
(6,	'kos',	12,	4,	12,	12),
(6,	'fro',	12,	5,	10,	20),
(6,	'mel',	12,	6,	8,	4),
(6,	'lar',	12,	7,	6,	3),
(6,	'pan',	12,	8,	4,	21),
(6,	'rib',	13,	1,	25,	1),
(6,	'kol',	13,	2,	18,	5),
(6,	'fro',	13,	3,	15,	20),
(6,	'pan',	13,	4,	12,	21),
(6,	'san',	13,	5,	10,	2),
(6,	'mel',	13,	6,	8,	4),
(6,	'bub',	13,	7,	6,	25),
(6,	'lar',	13,	8,	4,	3),
(6,	'kos',	13,	9,	2,	12),
(6,	'cer',	13,	10,	1,	24),
(6,	'rib',	14,	1,	25,	1),
(6,	'san',	14,	2,	18,	2),
(6,	'kol',	14,	3,	15,	5),
(6,	'fro',	14,	4,	12,	20),
(6,	'fer',	14,	5,	10,	6),
(6,	'cer',	14,	6,	8,	24),
(6,	'pan',	14,	7,	6,	21),
(6,	'rib',	15,	1,	25,	1),
(6,	'kol',	15,	2,	18,	5),
(6,	'san',	15,	3,	15,	2),
(6,	'mel',	15,	4,	12,	4),
(6,	'fer',	15,	5,	10,	6),
(6,	'lar',	15,	6,	8,	3),
(6,	'ciu',	15,	7,	6,	19),
(6,	'cer',	15,	8,	4,	24),
(6,	'pan',	15,	9,	2,	21),
(6,	'lst',	15,	10,	1,	7),
(6,	'fro',	15,	11,	0,	20),
(6,	'kol',	16,	1,	25,	5),
(6,	'kos',	16,	2,	18,	12),
(6,	'bub',	16,	3,	15,	25),
(6,	'mel',	16,	4,	12,	4),
(6,	'pan',	16,	5,	10,	21),
(6,	'kro',	16,	6,	8,	16),
(6,	'ciu',	16,	7,	6,	19),
(6,	'cer',	16,	8,	4,	24),
(6,	'ses',	16,	9,	2,	17),
(6,	'ree',	16,	10,	1,	11),
(6,	'san',	16,	11,	0,	2),
(6,	'rib',	16,	12,	0,	1),
(6,	'lar',	16,	13,	0,	3),
(6,	'gro',	16,	14,	0,	18),
(6,	'fer',	16,	15,	0,	6),
(6,	'rib',	17,	1,	25,	1),
(6,	'kol',	17,	2,	18,	5),
(6,	'san',	17,	3,	15,	2),
(6,	'kro',	17,	4,	12,	16),
(6,	'mel',	17,	5,	10,	4),
(6,	'pan',	17,	6,	8,	21),
(6,	'krz',	17,	7,	6,	6),
(6,	'ciu',	17,	8,	4,	19),
(6,	'cer',	17,	9,	2,	24),
(6,	'rib',	18,	1,	25,	1),
(6,	'kos',	18,	2,	18,	12),
(6,	'kol',	18,	3,	15,	5),
(6,	'fer',	18,	4,	12,	6),
(6,	'mel',	18,	5,	10,	4),
(6,	'ciu',	18,	6,	8,	19),
(6,	'fro',	18,	7,	6,	20),
(6,	'pan',	18,	8,	4,	21),
(6,	'kol',	19,	1,	25,	5),
(6,	'fro',	19,	2,	18,	20),
(6,	'rib',	19,	3,	15,	1),
(6,	'kos',	19,	4,	12,	12),
(6,	'kro',	19,	5,	10,	16),
(6,	'bub',	19,	6,	8,	25),
(6,	'mel',	19,	7,	6,	4),
(6,	'fer',	19,	8,	4,	6),
(6,	'cer',	19,	9,	2,	24),
(6,	'pan',	19,	10,	1,	21),
(6,	'ciu',	19,	11,	0,	19),
(7,	'kol',	1,	1,	25,	5),
(7,	'kos',	1,	2,	18,	16),
(7,	'fro',	1,	3,	15,	17),
(7,	'krz',	1,	4,	12,	18),
(7,	'rib',	1,	5,	10,	1),
(7,	'san',	1,	6,	8,	3),
(7,	'ree',	1,	7,	6,	8),
(7,	'bub',	1,	8,	4,	7),
(7,	'fer',	1,	9,	2,	6),
(7,	'pan',	1,	10,	1,	2),
(7,	'kos',	2,	1,	25,	16),
(7,	'kol',	2,	2,	18,	5),
(7,	'fro',	2,	3,	15,	17),
(7,	'mel',	2,	4,	12,	9),
(7,	'krz',	2,	5,	10,	18),
(7,	'bub',	2,	6,	8,	7),
(7,	'san',	2,	7,	6,	3),
(7,	'cha',	2,	8,	4,	10),
(7,	'kos',	3,	1,	25,	16),
(7,	'kol',	3,	2,	18,	5),
(7,	'fro',	3,	3,	15,	17),
(7,	'sch',	3,	4,	12,	19),
(7,	'san',	3,	5,	10,	3),
(7,	'mel',	3,	6,	8,	9),
(7,	'bub',	3,	7,	6,	7),
(7,	'lar',	3,	8,	4,	4),
(7,	'cer',	3,	9,	2,	14),
(7,	'kol',	4,	1,	25,	5),
(7,	'fro',	4,	2,	18,	17),
(7,	'kos',	4,	3,	15,	16),
(7,	'rib',	4,	4,	12,	1),
(7,	'mel',	4,	5,	10,	9),
(7,	'lar',	4,	6,	8,	4),
(7,	'cer',	4,	7,	6,	14),
(7,	'bub',	4,	8,	4,	7),
(7,	'rib',	5,	1,	25,	1),
(7,	'kos',	5,	2,	18,	16),
(7,	'fro',	5,	3,	15,	17),
(7,	'fer',	5,	4,	12,	6),
(7,	'mel',	5,	5,	10,	9),
(7,	'kol',	5,	6,	8,	5),
(7,	'bub',	5,	7,	6,	7),
(7,	'san',	5,	8,	4,	3),
(7,	'cha',	5,	9,	2,	10),
(7,	'lar',	5,	10,	1,	4),
(7,	'cer',	5,	11,	0,	14),
(7,	'rib',	6,	1,	25,	1),
(7,	'kol',	6,	2,	18,	5),
(7,	'fro',	6,	3,	15,	17),
(7,	'san',	6,	4,	12,	3),
(7,	'lar',	6,	5,	10,	4),
(7,	'cer',	6,	6,	8,	14),
(7,	'cha',	6,	7,	6,	10),
(7,	'kos',	6,	8,	4,	16),
(7,	'krz',	6,	9,	2,	18),
(7,	'rib',	7,	1,	25,	1),
(7,	'krz',	7,	2,	18,	18),
(7,	'kol',	7,	3,	15,	5),
(7,	'mel',	7,	4,	12,	9),
(7,	'fro',	7,	5,	10,	17),
(7,	'cer',	7,	6,	8,	14),
(7,	'kos',	7,	7,	6,	16),
(7,	'cha',	7,	8,	4,	10),
(7,	'lar',	7,	9,	2,	4),
(7,	'fer',	7,	10,	1,	6),
(7,	'rib',	8,	1,	25,	1),
(7,	'krz',	8,	2,	18,	18),
(7,	'kos',	8,	3,	15,	16),
(7,	'fro',	8,	4,	12,	17),
(7,	'kol',	8,	5,	10,	5),
(7,	'cha',	8,	6,	8,	10),
(7,	'bub',	8,	7,	6,	7),
(7,	'lar',	8,	8,	4,	4),
(7,	'cer',	8,	9,	2,	14),
(7,	'san',	8,	10,	1,	3),
(7,	'rib',	9,	1,	25,	1),
(7,	'san',	9,	2,	18,	3),
(7,	'kol',	9,	3,	15,	5),
(7,	'krz',	9,	4,	12,	18),
(7,	'fro',	9,	5,	10,	17),
(7,	'lar',	9,	6,	8,	4),
(7,	'mel',	9,	7,	6,	9),
(7,	'cer',	9,	8,	4,	14),
(7,	'per',	9,	9,	2,	15),
(7,	'cha',	9,	10,	1,	10),
(7,	'kos',	9,	11,	0,	16),
(7,	'mac',	9,	12,	0,	22),
(7,	'bub',	9,	13,	0,	7),
(7,	'kos',	10,	1,	25,	16),
(7,	'kol',	10,	2,	18,	5),
(7,	'san',	10,	3,	15,	3),
(7,	'fro',	10,	4,	12,	17),
(7,	'krz',	10,	5,	10,	18),
(7,	'lar',	10,	6,	8,	4),
(7,	'mel',	10,	7,	6,	9),
(7,	'fer',	10,	8,	4,	6),
(7,	'mac',	10,	9,	2,	22),
(7,	'cha',	10,	10,	1,	10),
(7,	'bub',	10,	11,	0,	7),
(7,	'rib',	11,	1,	25,	1),
(7,	'krz',	11,	2,	18,	18),
(7,	'kol',	11,	3,	15,	5),
(7,	'fro',	11,	4,	12,	17),
(7,	'mel',	11,	5,	10,	9),
(7,	'kos',	11,	6,	8,	16),
(7,	'bub',	11,	7,	6,	7),
(7,	'kos',	12,	1,	25,	16),
(7,	'rib',	12,	2,	18,	1),
(7,	'mel',	12,	3,	15,	9),
(7,	'krz',	12,	4,	12,	18),
(7,	'kol',	12,	5,	10,	5),
(7,	'bub',	12,	6,	8,	7),
(7,	'fro',	12,	7,	6,	17),
(7,	'rib',	13,	3,	15,	1),
(7,	'san',	13,	2,	18,	3),
(7,	'kos',	13,	1,	25,	16),
(7,	'kol',	14,	4,	12,	5),
(7,	'krz',	13,	5,	10,	18),
(7,	'mel',	13,	6,	8,	9),
(7,	'cos',	13,	7,	6,	19),
(7,	'cha',	14,	8,	4,	10),
(7,	'gat',	13,	9,	2,	2),
(7,	'cer',	13,	10,	1,	14),
(7,	'rib',	14,	1,	25,	1),
(7,	'fro',	14,	2,	18,	17),
(7,	'krz',	14,	3,	15,	18),
(7,	'kol',	13,	4,	12,	5),
(7,	'mel',	14,	5,	10,	9),
(7,	'lar',	14,	6,	8,	4),
(7,	'cer',	14,	7,	6,	14),
(7,	'cha',	13,	8,	4,	10),
(7,	'cos',	14,	9,	2,	19),
(7,	'kos',	14,	10,	1,	16),
(7,	'rib',	15,	1,	25,	1),
(7,	'san',	15,	2,	18,	3),
(7,	'kol',	15,	3,	15,	5),
(7,	'krz',	15,	4,	12,	18),
(7,	'kos',	15,	5,	10,	16),
(7,	'mel',	15,	6,	8,	9),
(7,	'cos',	15,	7,	6,	19),
(7,	'cer',	15,	8,	4,	14),
(7,	'gat',	15,	9,	2,	2),
(7,	'cha',	15,	10,	1,	10),
(7,	'lar',	15,	11,	0,	4),
(7,	'rib',	16,	1,	25,	1),
(7,	'kos',	16,	2,	18,	16),
(7,	'kol',	16,	3,	15,	5),
(7,	'cos',	16,	4,	12,	19),
(7,	'bub',	16,	5,	10,	7),
(7,	'cas',	16,	6,	8,	24),
(7,	'mel',	16,	7,	6,	9),
(7,	'lar',	16,	8,	4,	4),
(7,	'krz',	16,	9,	2,	18),
(7,	'cer',	16,	10,	1,	14),
(7,	'cha',	16,	11,	0,	10),
(7,	'kos',	17,	1,	25,	16),
(7,	'kol',	17,	2,	18,	5),
(7,	'krz',	17,	3,	15,	18),
(7,	'fer',	17,	4,	12,	6),
(7,	'san',	17,	5,	10,	3),
(7,	'rib',	17,	6,	8,	1),
(7,	'fro',	17,	7,	6,	17),
(7,	'cas',	17,	8,	4,	24),
(7,	'cha',	17,	9,	2,	10),
(7,	'cos',	17,	10,	1,	19),
(7,	'gat',	17,	11,	0,	2),
(7,	'cer',	17,	12,	0,	14),
(7,	'rib',	18,	1,	25,	1),
(7,	'san',	18,	2,	18,	3),
(7,	'kol',	18,	3,	15,	5),
(7,	'fro',	18,	4,	12,	17),
(7,	'fer',	18,	5,	10,	6),
(7,	'mel',	18,	6,	8,	9),
(7,	'kos',	18,	7,	6,	16),
(7,	'lar',	18,	8,	4,	4),
(7,	'cas',	18,	9,	2,	24),
(7,	'gat',	18,	10,	1,	2),
(7,	'cer',	18,	11,	0,	14),
(7,	'cos',	18,	12,	0,	19),
(7,	'bub',	18,	13,	0,	7),
(7,	'kos',	19,	1,	25,	16),
(7,	'kol',	19,	2,	18,	5),
(7,	'rib',	19,	3,	15,	1),
(7,	'krz',	19,	4,	12,	18),
(7,	'cas',	19,	5,	10,	24),
(7,	'fro',	19,	6,	8,	17),
(7,	'san',	19,	7,	6,	3),
(7,	'mel',	19,	8,	4,	9),
(7,	'gat',	19,	9,	2,	2),
(7,	'fer',	19,	10,	1,	6),
(7,	'kos',	20,	1,	25,	16),
(7,	'san',	20,	2,	18,	3),
(7,	'kol',	20,	3,	15,	5),
(7,	'mel',	20,	4,	12,	9),
(7,	'lar',	20,	5,	10,	4),
(7,	'fro',	20,	6,	8,	17),
(7,	'cha',	20,	7,	6,	10),
(7,	'gat',	20,	8,	4,	2),
(7,	'cer',	20,	9,	2,	14),
(7,	'cas',	20,	10,	1,	24),
(7,	'rib',	20,	11,	0,	1),
(7,	'bub',	20,	12,	0,	7),
(8,	'mel',	1,	9,	2,	14),
(8,	'lar',	1,	8,	4,	10),
(8,	'ree',	1,	7,	6,	3),
(8,	'fro',	1,	6,	8,	12),
(8,	'krz',	1,	5,	10,	8),
(8,	'kol',	1,	4,	12,	7),
(8,	'rib',	1,	3,	15,	1),
(8,	'san',	1,	2,	18,	9),
(8,	'kos',	1,	1,	25,	11),
(8,	'cos',	1,	10,	1,	2),
(8,	'cer',	1,	11,	0,	17),
(8,	'cha',	1,	12,	0,	15),
(8,	'mac',	1,	13,	0,	19),
(8,	'rib',	2,	1,	25,	1),
(8,	'san',	2,	2,	18,	9),
(8,	'fer',	2,	3,	15,	20),
(8,	'mel',	2,	4,	12,	14),
(8,	'fro',	2,	5,	10,	12),
(8,	'kos',	2,	6,	8,	11),
(8,	'cos',	2,	7,	6,	2),
(8,	'ree',	2,	8,	4,	3),
(8,	'cer',	2,	9,	2,	17),
(8,	'lar',	2,	10,	1,	10),
(8,	'cha',	2,	11,	0,	15),
(8,	'kol',	2,	12,	0,	7),
(8,	'krz',	2,	13,	0,	8),
(8,	'rib',	3,	1,	25,	1),
(8,	'fro',	3,	2,	18,	12),
(8,	'kos',	3,	3,	15,	11),
(8,	'kol',	3,	4,	12,	7),
(8,	'cha',	3,	5,	10,	15),
(8,	'fer',	3,	6,	8,	20),
(8,	'lar',	3,	7,	6,	10),
(8,	'krz',	3,	8,	4,	8),
(8,	'ake',	3,	9,	2,	4),
(8,	'cer',	3,	10,	1,	17),
(8,	'gat',	3,	11,	0,	21),
(8,	'rib',	4,	1,	25,	1),
(8,	'kol',	4,	2,	18,	7),
(8,	'fro',	4,	3,	15,	12),
(8,	'san',	4,	4,	12,	9),
(8,	'krz',	4,	5,	10,	8),
(8,	'kos',	4,	6,	8,	11),
(8,	'fer',	4,	7,	6,	20),
(8,	'lar',	4,	8,	4,	10),
(8,	'ake',	4,	9,	2,	4),
(8,	'gat',	4,	10,	1,	21),
(8,	'cer',	4,	11,	0,	17),
(8,	'mac',	4,	12,	0,	19),
(8,	'cos',	4,	13,	0,	2),
(8,	'cha',	4,	14,	0,	15),
(8,	'rib',	5,	1,	25,	1),
(8,	'san',	5,	2,	18,	9),
(8,	'kol',	5,	3,	15,	7),
(8,	'krz',	5,	4,	12,	8),
(8,	'fer',	5,	5,	10,	20),
(8,	'fro',	5,	6,	8,	12),
(8,	'kos',	5,	7,	6,	11),
(8,	'mel',	5,	8,	4,	14),
(8,	'ree',	5,	9,	2,	3),
(8,	'cos',	5,	10,	1,	2),
(8,	'cha',	5,	11,	0,	15),
(8,	'lar',	5,	12,	0,	10),
(8,	'mar',	5,	13,	0,	18),
(8,	'san',	6,	1,	25,	9),
(8,	'rib',	6,	2,	18,	1),
(8,	'kol',	6,	3,	15,	7),
(8,	'fro',	6,	4,	12,	12),
(8,	'kos',	6,	5,	10,	11),
(8,	'fer',	6,	6,	8,	20),
(8,	'mel',	6,	7,	6,	14),
(8,	'ree',	6,	8,	4,	3),
(8,	'cos',	6,	9,	2,	2),
(8,	'lar',	6,	10,	1,	10),
(8,	'cha',	6,	11,	0,	15),
(8,	'mar',	6,	12,	0,	18),
(8,	'krz',	6,	13,	0,	8),
(8,	'rib',	7,	1,	25,	1),
(8,	'san',	7,	2,	18,	9),
(8,	'kol',	7,	3,	15,	7),
(8,	'mel',	7,	4,	12,	14),
(8,	'cos',	7,	5,	10,	2),
(8,	'fro',	7,	6,	8,	12),
(8,	'kos',	7,	7,	6,	11),
(8,	'ree',	7,	8,	4,	3),
(8,	'krz',	7,	9,	2,	8),
(8,	'cha',	7,	10,	1,	15),
(8,	'mar',	7,	11,	0,	18),
(8,	'lar',	7,	12,	0,	10),
(8,	'rib',	8,	1,	25,	1),
(8,	'fro',	8,	2,	18,	12),
(8,	'kos',	8,	3,	15,	11),
(8,	'ree',	8,	4,	12,	3),
(8,	'san',	8,	5,	10,	9),
(8,	'kol',	8,	6,	8,	7),
(8,	'mel',	8,	7,	6,	14),
(8,	'mar',	8,	8,	4,	18),
(8,	'krz',	8,	9,	2,	8),
(8,	'kos',	10,	9,	2,	11),
(8,	'fro',	10,	8,	4,	12),
(8,	'kol',	9,	3,	15,	7),
(8,	'fer',	9,	4,	12,	20),
(8,	'ree',	9,	5,	10,	3),
(8,	'krz',	9,	6,	8,	8),
(8,	'fro',	9,	7,	6,	12),
(8,	'mel',	9,	8,	4,	14),
(8,	'rib',	10,	1,	25,	1),
(8,	'rib',	9,	1,	25,	1),
(8,	'san',	9,	2,	18,	9),
(8,	'krz',	10,	7,	6,	8),
(8,	'mel',	10,	6,	8,	14),
(8,	'fer',	10,	5,	10,	20),
(8,	'kol',	10,	4,	12,	7),
(8,	'ree',	10,	3,	15,	3),
(8,	'san',	10,	2,	18,	9),
(8,	'kos',	9,	9,	2,	11),
(8,	'kol',	11,	1,	25,	7),
(8,	'rib',	11,	2,	18,	1),
(8,	'krz',	11,	3,	15,	8),
(8,	'san',	11,	4,	12,	9),
(8,	'mel',	11,	5,	10,	14),
(8,	'fro',	11,	6,	8,	12),
(8,	'cer',	11,	7,	6,	17),
(8,	'mar',	11,	8,	4,	18),
(8,	'kru',	11,	9,	2,	5),
(8,	'rib',	12,	1,	25,	1),
(8,	'kol',	12,	2,	18,	7),
(8,	'san',	12,	3,	15,	9),
(8,	'fer',	12,	4,	12,	20),
(8,	'krz',	12,	5,	10,	8),
(8,	'mel',	12,	6,	8,	14),
(8,	'cer',	12,	7,	6,	17),
(8,	'kru',	12,	8,	4,	5),
(8,	'mar',	12,	9,	2,	18),
(8,	'fro',	12,	10,	1,	12),
(8,	'rib',	13,	1,	25,	1),
(8,	'kol',	13,	2,	18,	7),
(8,	'san',	13,	3,	15,	9),
(8,	'krz',	13,	4,	12,	8),
(8,	'fro',	13,	5,	10,	12),
(8,	'cos',	13,	6,	8,	2),
(8,	'cer',	13,	7,	6,	17),
(8,	'cha',	13,	8,	4,	15),
(8,	'lar',	13,	9,	2,	10),
(8,	'kos',	13,	10,	1,	11),
(8,	'mac',	13,	11,	0,	19),
(8,	'san',	14,	1,	25,	9),
(8,	'kol',	14,	2,	18,	7),
(8,	'rib',	14,	3,	15,	1),
(8,	'fro',	14,	4,	12,	12),
(8,	'bub',	14,	5,	10,	16),
(8,	'cos',	14,	6,	8,	2),
(8,	'cer',	14,	7,	6,	17),
(8,	'lar',	14,	8,	4,	10),
(8,	'krz',	14,	9,	2,	8),
(8,	'kos',	14,	10,	1,	11),
(8,	'cha',	14,	11,	0,	15),
(8,	'rib',	15,	1,	25,	1),
(8,	'kol',	15,	2,	18,	7),
(8,	'fro',	15,	3,	15,	12),
(8,	'ree',	15,	4,	12,	3),
(8,	'kos',	15,	5,	10,	11),
(8,	'rod',	15,	6,	8,	4),
(8,	'krz',	15,	7,	6,	8),
(8,	'bub',	15,	8,	4,	16),
(8,	'lar',	15,	9,	2,	10),
(8,	'cer',	15,	10,	1,	17),
(8,	'cha',	15,	11,	0,	15),
(8,	'san',	15,	12,	0,	9),
(8,	'kol',	16,	1,	25,	7),
(8,	'rib',	16,	2,	18,	1),
(8,	'kos',	16,	3,	15,	11),
(8,	'ree',	16,	4,	12,	3),
(8,	'bub',	16,	5,	10,	16),
(8,	'fro',	16,	6,	8,	12),
(8,	'lar',	16,	7,	6,	10),
(8,	'san',	16,	8,	4,	9),
(8,	'cer',	16,	9,	2,	17),
(8,	'rod',	16,	10,	1,	4),
(8,	'udo',	16,	11,	0,	22),
(8,	'krz',	16,	12,	0,	8),
(8,	'rib',	17,	1,	25,	1),
(8,	'kos',	17,	2,	18,	11),
(8,	'san',	17,	3,	15,	9),
(8,	'krz',	17,	4,	12,	8),
(8,	'mel',	17,	5,	10,	14),
(8,	'kol',	17,	6,	8,	7),
(8,	'cer',	17,	7,	6,	17),
(8,	'mar',	17,	8,	4,	18),
(8,	'udo',	17,	9,	2,	22),
(8,	'rib',	18,	1,	25,	1),
(8,	'san',	18,	2,	18,	9),
(8,	'kos',	18,	3,	15,	11),
(8,	'kol',	18,	4,	12,	7),
(8,	'mel',	18,	5,	10,	14),
(8,	'krz',	18,	6,	8,	8),
(8,	'cos',	18,	7,	6,	2),
(8,	'cer',	18,	8,	4,	17),
(8,	'mar',	18,	9,	2,	18),
(8,	'rib',	19,	1,	25,	1),
(8,	'ree',	19,	2,	18,	3),
(8,	'san',	19,	3,	15,	9),
(8,	'kol',	19,	4,	12,	7),
(8,	'krz',	19,	5,	10,	8),
(8,	'fro',	19,	6,	8,	12),
(8,	'cos',	19,	7,	6,	2),
(8,	'mar',	19,	8,	4,	18),
(8,	'kru',	19,	9,	2,	5),
(8,	'rib',	20,	1,	25,	1),
(8,	'kol',	20,	2,	18,	7),
(8,	'krz',	20,	3,	15,	8),
(8,	'san',	20,	4,	12,	9),
(8,	'fro',	20,	5,	10,	12),
(8,	'cos',	20,	6,	8,	2),
(8,	'mar',	20,	7,	6,	18),
(8,	'kru',	20,	8,	4,	5),
(8,	'ree',	20,	9,	2,	3),
(9,	'rib',	1,	1,	25,	1),
(9,	'san',	1,	2,	18,	9),
(9,	'kos',	1,	3,	15,	2),
(9,	'fro',	1,	4,	12,	15),
(9,	'mel',	1,	5,	10,	14),
(9,	'bub',	1,	6,	8,	3),
(9,	'kol',	1,	7,	6,	5),
(9,	'cer',	1,	8,	4,	18),
(9,	'mar',	1,	9,	2,	20),
(9,	'kol',	2,	1,	25,	5),
(9,	'rib',	2,	2,	18,	1),
(9,	'fro',	2,	3,	15,	15),
(9,	'san',	2,	4,	12,	9),
(9,	'kos',	2,	5,	10,	2),
(9,	'bub',	2,	6,	8,	3),
(9,	'cer',	2,	7,	6,	18),
(9,	'mar',	2,	8,	4,	20),
(9,	'cos',	2,	9,	2,	21),
(9,	'san',	4,	1,	25,	9),
(9,	'mar',	3,	12,	0,	20),
(9,	'lar',	3,	11,	0,	10),
(9,	'cha',	3,	10,	1,	4),
(9,	'cer',	3,	9,	2,	18),
(9,	'mel',	3,	8,	4,	14),
(9,	'bub',	3,	7,	6,	3),
(9,	'kos',	3,	6,	8,	2),
(9,	'fer',	3,	5,	10,	7),
(9,	'fro',	3,	4,	12,	15),
(9,	'kol',	3,	3,	15,	5),
(9,	'san',	3,	2,	18,	9),
(9,	'rib',	3,	1,	25,	1),
(9,	'kol',	4,	2,	18,	5),
(9,	'rib',	4,	3,	15,	1),
(9,	'fro',	4,	4,	12,	15),
(9,	'kos',	4,	5,	10,	2),
(9,	'bub',	4,	6,	8,	3),
(9,	'mel',	4,	7,	6,	14),
(9,	'lar',	4,	8,	4,	10),
(9,	'cha',	4,	9,	2,	4),
(9,	'mar',	4,	10,	1,	20),
(9,	'fer',	4,	11,	0,	7),
(9,	'cer',	4,	12,	0,	18),
(9,	'rib',	6,	1,	25,	1),
(9,	'kos',	5,	2,	18,	2),
(9,	'kol',	5,	3,	15,	5),
(9,	'fro',	5,	4,	12,	15),
(9,	'san',	5,	5,	10,	9),
(9,	'bub',	5,	6,	8,	3),
(9,	'mel',	6,	7,	6,	14),
(9,	'lar',	6,	8,	4,	10),
(9,	'rod',	5,	9,	2,	12),
(9,	'rib',	5,	1,	25,	1),
(9,	'kol',	6,	2,	18,	5),
(9,	'san',	6,	3,	15,	9),
(9,	'kos',	6,	4,	12,	2),
(9,	'rod',	6,	5,	10,	12),
(9,	'fro',	6,	6,	8,	15),
(9,	'mel',	5,	7,	6,	14),
(9,	'lar',	5,	8,	4,	10),
(9,	'bub',	6,	9,	2,	3),
(9,	'rib',	7,	1,	25,	1),
(9,	'san',	7,	2,	18,	9),
(9,	'kos',	7,	3,	15,	2),
(9,	'fro',	7,	4,	12,	15),
(9,	'mel',	7,	5,	10,	14),
(9,	'kol',	7,	6,	8,	5),
(9,	'kot',	7,	7,	6,	8),
(9,	'rod',	7,	8,	4,	12),
(9,	'krz',	7,	9,	2,	6),
(9,	'san',	8,	1,	25,	9),
(9,	'rib',	8,	2,	18,	1),
(9,	'kol',	8,	3,	15,	5),
(9,	'fro',	8,	4,	12,	15),
(9,	'rod',	8,	5,	10,	12),
(9,	'krz',	8,	6,	8,	6),
(9,	'kos',	8,	7,	6,	2),
(9,	'bub',	8,	8,	4,	3),
(9,	'mel',	8,	9,	2,	14),
(9,	'kot',	8,	10,	1,	8),
(9,	'bub',	9,	7,	6,	3),
(9,	'kot',	9,	6,	8,	8),
(9,	'fro',	9,	5,	10,	15),
(9,	'san',	9,	4,	12,	9),
(9,	'kol',	9,	3,	15,	5),
(9,	'rod',	9,	2,	18,	12),
(9,	'rib',	9,	1,	25,	1),
(9,	'llo',	9,	8,	4,	11),
(9,	'mar',	9,	9,	2,	20),
(9,	'war',	9,	10,	1,	19),
(9,	'krz',	9,	11,	0,	6),
(9,	'san',	10,	1,	25,	9),
(9,	'kol',	10,	2,	18,	5),
(9,	'rib',	10,	3,	15,	1),
(9,	'rod',	10,	4,	12,	12),
(9,	'llo',	10,	5,	10,	11),
(9,	'mar',	10,	6,	8,	20),
(9,	'fro',	10,	7,	6,	15),
(9,	'bub',	10,	8,	4,	3),
(9,	'kot',	10,	9,	2,	8),
(9,	'rib',	11,	1,	25,	1),
(9,	'fro',	11,	2,	18,	15),
(9,	'kol',	11,	3,	15,	5),
(9,	'san',	11,	4,	12,	9),
(9,	'kos',	11,	5,	10,	2),
(9,	'bub',	11,	6,	8,	3),
(9,	'mel',	11,	7,	6,	14),
(9,	'fer',	11,	8,	4,	7),
(9,	'kot',	11,	9,	2,	8),
(9,	'lem',	11,	10,	1,	16),
(9,	'mar',	11,	11,	0,	20),
(9,	'war',	11,	12,	0,	19),
(9,	'hug',	11,	13,	0,	17),
(9,	'rod',	11,	14,	0,	12),
(9,	'rib',	12,	1,	25,	1),
(9,	'kol',	12,	2,	18,	5),
(9,	'rod',	12,	3,	15,	12),
(9,	'kos',	12,	4,	12,	2),
(9,	'bub',	12,	5,	10,	3),
(9,	'fro',	12,	6,	8,	15),
(9,	'kot',	12,	7,	6,	8),
(9,	'fer',	12,	8,	4,	7),
(9,	'mel',	12,	9,	2,	14),
(9,	'war',	12,	10,	1,	19),
(9,	'mar',	12,	11,	0,	20),
(9,	'san',	12,	12,	0,	9),
(9,	'lem',	13,	10,	1,	16),
(9,	'fer',	13,	9,	2,	7),
(9,	'bub',	13,	8,	4,	3),
(9,	'fro',	13,	7,	6,	15),
(9,	'mel',	13,	6,	8,	14),
(9,	'rib',	13,	4,	12,	1),
(9,	'kol',	13,	3,	15,	5),
(9,	'kos',	13,	2,	18,	2),
(9,	'san',	13,	1,	25,	9),
(9,	'rib',	14,	1,	25,	1),
(9,	'san',	14,	2,	18,	9),
(9,	'fro',	14,	3,	15,	15),
(9,	'kol',	14,	4,	12,	5),
(9,	'kos',	14,	5,	10,	2),
(9,	'mel',	14,	6,	8,	14),
(9,	'lem',	14,	7,	6,	16),
(9,	'kot',	14,	8,	4,	8),
(9,	'bub',	14,	9,	2,	3),
(9,	'fer',	14,	10,	1,	7),
(9,	'kot',	13,	5,	10,	8),
(9,	'san',	15,	1,	25,	9),
(9,	'kol',	15,	2,	18,	5),
(9,	'fro',	15,	3,	15,	15),
(9,	'rib',	15,	4,	12,	1),
(9,	'fer',	15,	5,	10,	7),
(9,	'kot',	15,	6,	8,	8),
(9,	'lem',	15,	7,	6,	16),
(9,	'mel',	15,	8,	4,	14),
(9,	'krz',	15,	9,	2,	6),
(9,	'rib',	16,	1,	25,	1),
(9,	'kol',	16,	2,	18,	5),
(9,	'san',	16,	3,	15,	9),
(9,	'mel',	16,	4,	12,	14),
(9,	'fro',	16,	5,	10,	15),
(9,	'kot',	16,	6,	8,	8),
(9,	'lem',	16,	7,	6,	16),
(9,	'krz',	16,	8,	4,	6),
(9,	'san',	17,	1,	25,	9),
(9,	'lem',	17,	2,	18,	16),
(9,	'krz',	17,	6,	8,	6),
(9,	'fro',	17,	3,	15,	15),
(9,	'bub',	17,	4,	12,	3),
(9,	'kol',	17,	5,	10,	5),
(9,	'rib',	17,	7,	6,	1),
(9,	'fer',	17,	8,	4,	7),
(9,	'kot',	17,	9,	2,	8),
(9,	'kos',	17,	10,	1,	2),
(9,	'mel',	17,	11,	0,	14),
(9,	'mar',	17,	12,	0,	20),
(9,	'nut',	17,	13,	0,	18),
(9,	'rib',	18,	1,	25,	1),
(9,	'kol',	18,	2,	18,	5),
(9,	'kos',	18,	3,	15,	2),
(9,	'san',	18,	4,	12,	9),
(9,	'bub',	18,	5,	10,	3),
(9,	'lem',	18,	6,	8,	16),
(9,	'kot',	18,	7,	6,	8),
(9,	'krz',	18,	8,	4,	6),
(9,	'mel',	18,	9,	2,	14),
(9,	'fro',	18,	10,	1,	15),
(9,	'nut',	18,	11,	0,	18),
(9,	'mar',	18,	12,	0,	20),
(9,	'fer',	18,	13,	0,	7),
(9,	'rib',	19,	1,	25,	1),
(9,	'kol',	19,	2,	18,	5),
(9,	'mel',	19,	3,	15,	14),
(9,	'kos',	19,	4,	12,	2),
(9,	'fro',	19,	5,	10,	15),
(9,	'kot',	19,	6,	8,	8),
(9,	'san',	19,	7,	6,	9),
(9,	'bub',	19,	8,	4,	3),
(9,	'mac',	19,	9,	2,	10),
(9,	'san',	20,	1,	25,	9),
(9,	'fro',	20,	2,	18,	15),
(9,	'kol',	20,	3,	15,	5),
(9,	'rib',	20,	4,	12,	1),
(9,	'kos',	20,	5,	10,	2),
(9,	'kot',	20,	6,	8,	8),
(9,	'lem',	20,	7,	6,	16),
(9,	'mel',	20,	8,	4,	14),
(9,	'bub',	20,	9,	2,	3),
(10,	'kol',	1,	1,	25,	9),
(10,	'rib',	1,	2,	18,	1),
(10,	'fro',	1,	3,	15,	7),
(10,	'mel',	1,	4,	12,	8),
(10,	'lem',	1,	5,	10,	6),
(10,	'bub',	1,	6,	8,	11),
(10,	'kot',	1,	7,	6,	2),
(10,	'krz',	1,	8,	4,	10),
(10,	'mac',	1,	9,	2,	14),
(10,	'rib',	2,	1,	25,	1),
(10,	'kol',	2,	2,	18,	9),
(10,	'krz',	2,	3,	15,	10),
(10,	'lem',	2,	4,	12,	6),
(10,	'mel',	2,	5,	10,	8),
(10,	'bub',	2,	6,	8,	11),
(10,	'fro',	2,	7,	6,	7),
(10,	'kot',	2,	8,	4,	2),
(10,	'mac',	2,	9,	2,	14),
(10,	'san',	9,	1,	25,	5),
(10,	'san',	3,	1,	25,	5),
(10,	'fro',	3,	2,	18,	7),
(10,	'lem',	3,	3,	15,	6),
(10,	'kol',	3,	4,	12,	9),
(10,	'kos',	3,	5,	10,	12),
(10,	'bub',	3,	6,	8,	11),
(10,	'kot',	3,	7,	6,	2),
(10,	'fer',	3,	8,	4,	20),
(10,	'lst',	3,	9,	2,	21),
(10,	'iva',	3,	10,	1,	15),
(10,	'krz',	3,	11,	0,	10),
(10,	'kol',	4,	1,	25,	9),
(10,	'lem',	4,	2,	18,	6),
(10,	'fro',	4,	3,	15,	7),
(10,	'san',	4,	4,	12,	5),
(10,	'krz',	4,	5,	10,	10),
(10,	'kot',	4,	6,	8,	2),
(10,	'bub',	4,	7,	6,	11),
(10,	'fer',	4,	8,	4,	20),
(10,	'kos',	4,	9,	2,	12),
(10,	'iva',	4,	10,	1,	15),
(10,	'lst',	4,	11,	0,	21),
(10,	'rib',	5,	1,	25,	1),
(10,	'san',	5,	2,	18,	5),
(10,	'kol',	5,	3,	15,	9),
(10,	'fro',	5,	4,	12,	7),
(10,	'rod',	5,	5,	10,	16),
(10,	'lem',	5,	6,	8,	6),
(10,	'mel',	5,	7,	6,	8),
(10,	'krz',	5,	8,	4,	10),
(10,	'kos',	5,	9,	2,	12),
(10,	'bub',	5,	10,	1,	11),
(10,	'iva',	5,	11,	0,	15),
(10,	'rib',	6,	1,	25,	1),
(10,	'kol',	6,	2,	18,	9),
(10,	'lem',	6,	3,	15,	6),
(10,	'rod',	6,	4,	12,	16),
(10,	'san',	6,	5,	10,	5),
(10,	'fro',	6,	6,	8,	7),
(10,	'kos',	6,	7,	6,	12),
(10,	'mel',	6,	8,	4,	8),
(10,	'iva',	6,	9,	2,	15),
(10,	'krz',	6,	10,	1,	10),
(10,	'bub',	6,	11,	0,	11),
(10,	'rib',	7,	1,	25,	1),
(10,	'san',	7,	2,	18,	5),
(10,	'lem',	7,	3,	15,	6),
(10,	'kol',	7,	4,	12,	9),
(10,	'kot',	7,	5,	10,	2),
(10,	'kos',	7,	6,	8,	12),
(10,	'fro',	7,	7,	6,	7),
(10,	'mel',	7,	8,	4,	8),
(10,	'iva',	7,	9,	2,	15),
(10,	'rib',	8,	1,	25,	1),
(10,	'kol',	8,	2,	18,	9),
(10,	'san',	8,	3,	15,	5),
(10,	'lem',	8,	4,	12,	6),
(10,	'fro',	8,	5,	10,	7),
(10,	'kot',	8,	6,	8,	2),
(10,	'mel',	8,	7,	6,	8),
(10,	'kos',	8,	8,	4,	12),
(10,	'iva',	8,	9,	2,	15),
(10,	'krz',	9,	5,	10,	10),
(10,	'lem',	9,	3,	15,	6),
(10,	'fro',	9,	4,	12,	7),
(10,	'kol',	9,	2,	18,	9),
(10,	'kos',	9,	6,	8,	12),
(10,	'rib',	9,	7,	6,	1),
(10,	'mel',	9,	8,	4,	8),
(10,	'rib',	10,	1,	25,	1),
(10,	'san',	10,	2,	18,	5),
(10,	'kol',	10,	3,	15,	9),
(10,	'lem',	10,	4,	12,	6),
(10,	'fro',	10,	5,	10,	7),
(10,	'mel',	10,	6,	8,	8),
(10,	'kos',	10,	7,	6,	12),
(10,	'krz',	10,	8,	4,	10),
(10,	'lem',	11,	1,	25,	6),
(10,	'fro',	11,	2,	18,	7),
(10,	'san',	11,	3,	15,	5),
(10,	'krz',	11,	4,	12,	10),
(10,	'kot',	11,	5,	10,	2),
(10,	'mrt',	11,	6,	8,	14),
(10,	'kol',	11,	7,	6,	9),
(10,	'lem',	12,	1,	25,	6),
(10,	'kol',	12,	2,	18,	9),
(10,	'kot',	12,	3,	15,	2),
(10,	'san',	12,	4,	12,	5),
(10,	'fro',	12,	5,	10,	7),
(10,	'mrt',	12,	6,	8,	14),
(10,	'krz',	12,	7,	6,	10),
(10,	'san',	13,	1,	25,	5),
(10,	'rib',	13,	2,	18,	1),
(10,	'fro',	13,	3,	15,	7),
(10,	'kot',	13,	4,	12,	2),
(10,	'lem',	13,	5,	10,	6),
(10,	'kol',	13,	6,	8,	9),
(10,	'kos',	13,	7,	6,	12),
(10,	'krz',	13,	8,	4,	10),
(10,	'mel',	13,	9,	2,	8),
(10,	'iva',	13,	10,	1,	15),
(10,	'mrt',	13,	11,	0,	14),
(10,	'san',	14,	1,	25,	5),
(10,	'lem',	14,	2,	18,	6),
(10,	'rib',	14,	3,	15,	1),
(10,	'kol',	14,	4,	12,	9),
(10,	'fro',	14,	5,	10,	7),
(10,	'mrt',	14,	6,	8,	14),
(10,	'kos',	14,	7,	6,	12),
(10,	'mel',	14,	8,	4,	8),
(10,	'iva',	14,	9,	2,	15),
(10,	'krz',	14,	10,	1,	10),
(10,	'kot',	14,	11,	0,	2),
(10,	'kol',	15,	1,	25,	9),
(10,	'rib',	15,	2,	18,	1),
(10,	'lem',	15,	3,	15,	6),
(10,	'san',	15,	4,	12,	5),
(10,	'kot',	15,	5,	10,	2),
(10,	'fro',	15,	6,	8,	7),
(10,	'kos',	15,	7,	6,	12),
(10,	'mel',	15,	8,	4,	8),
(10,	'rib',	16,	1,	25,	1),
(10,	'kol',	16,	3,	15,	9),
(10,	'san',	16,	2,	18,	5),
(10,	'kos',	16,	4,	12,	12),
(10,	'lem',	16,	5,	10,	6),
(10,	'kot',	16,	6,	8,	2),
(10,	'iva',	16,	7,	6,	15),
(10,	'fro',	16,	8,	4,	7),
(10,	'rib',	17,	1,	25,	1),
(10,	'san',	17,	2,	18,	5),
(10,	'lem',	17,	3,	15,	6),
(10,	'fro',	17,	4,	12,	7),
(10,	'kos',	17,	5,	10,	12),
(10,	'fer',	17,	6,	8,	20),
(10,	'mel',	17,	7,	6,	8),
(10,	'iva',	17,	8,	4,	15),
(10,	'kol',	17,	9,	2,	9),
(10,	'rib',	18,	1,	25,	1),
(10,	'kol',	18,	2,	18,	9),
(10,	'san',	18,	3,	15,	5),
(10,	'lem',	18,	4,	12,	6),
(10,	'kot',	18,	5,	10,	2),
(10,	'fro',	18,	6,	8,	7),
(10,	'kos',	18,	7,	6,	12),
(10,	'fer',	18,	8,	4,	20),
(10,	'mel',	18,	9,	2,	8),
(10,	'iva',	18,	10,	1,	15),
(10,	'rib',	19,	1,	25,	1),
(10,	'kol',	19,	2,	18,	9),
(10,	'san',	19,	3,	15,	5),
(10,	'kot',	19,	4,	12,	2),
(10,	'fro',	19,	5,	10,	7),
(10,	'kos',	19,	6,	8,	12),
(10,	'mrt',	19,	7,	6,	14),
(10,	'lem',	19,	8,	4,	6),
(10,	'iva',	19,	9,	2,	15),
(10,	'san',	20,	1,	25,	5),
(10,	'rib',	20,	2,	18,	1),
(10,	'kol',	20,	3,	15,	9),
(10,	'kot',	20,	4,	12,	2),
(10,	'fro',	20,	5,	10,	7),
(10,	'kos',	20,	6,	8,	12),
(10,	'mrt',	20,	7,	6,	14),
(10,	'lem',	20,	8,	4,	6),
(10,	'sen',	20,	9,	2,	11),
(11,	'lem',	3,	4,	12,	5),
(11,	'rib',	7,	4,	12,	1),
(11,	'rib',	3,	1,	25,	1),
(11,	'kol',	3,	6,	8,	2),
(11,	'san',	3,	2,	18,	4),
(11,	'fro',	7,	6,	8,	3),
(11,	'fro',	3,	8,	4,	3),
(11,	'kol',	7,	5,	10,	2),
(11,	'san',	1,	1,	25,	4),
(11,	'kot',	1,	2,	18,	6),
(11,	'kol',	1,	3,	15,	2),
(11,	'rib',	1,	4,	12,	1),
(11,	'lem',	1,	5,	10,	5),
(11,	'smi',	1,	6,	8,	12),
(11,	'mrt',	1,	7,	6,	15),
(11,	'fro',	1,	8,	4,	3),
(11,	'kos',	1,	9,	2,	14),
(11,	'joh',	1,	11,	0,	11),
(11,	'mel',	1,	10,	1,	10),
(11,	'san',	2,	1,	25,	4),
(11,	'kot',	2,	3,	15,	6),
(11,	'kol',	2,	2,	18,	2),
(11,	'rib',	2,	4,	12,	1),
(11,	'kos',	2,	5,	10,	14),
(11,	'fro',	2,	6,	8,	3),
(11,	'lem',	2,	7,	6,	5),
(11,	'smi',	2,	8,	4,	12),
(11,	'mel',	2,	9,	2,	10),
(11,	'mrt',	2,	10,	1,	15),
(11,	'joh',	2,	11,	0,	11),
(11,	'kot',	3,	7,	6,	6),
(11,	'fer',	3,	13,	0,	9),
(11,	'mel',	3,	9,	2,	10),
(11,	'joh',	3,	10,	1,	11),
(11,	'smi',	3,	3,	15,	12),
(11,	'kos',	3,	5,	10,	14),
(11,	'myk',	3,	11,	0,	18),
(11,	'ker',	3,	12,	0,	19),
(11,	'rib',	4,	2,	18,	1),
(11,	'kol',	4,	1,	25,	2),
(11,	'fro',	4,	6,	8,	3),
(11,	'san',	4,	10,	1,	4),
(11,	'lem',	4,	3,	15,	5),
(11,	'kot',	4,	4,	12,	6),
(11,	'fer',	4,	13,	0,	9),
(11,	'mel',	4,	8,	4,	10),
(11,	'joh',	4,	11,	0,	11),
(11,	'smi',	4,	5,	10,	12),
(11,	'kos',	4,	12,	0,	14),
(11,	'myk',	4,	7,	6,	18),
(11,	'ker',	4,	9,	2,	19),
(11,	'rib',	5,	2,	18,	1),
(11,	'kol',	5,	4,	12,	2),
(11,	'fro',	5,	5,	10,	3),
(11,	'san',	5,	1,	25,	4),
(11,	'lem',	5,	10,	1,	5),
(11,	'kot',	5,	3,	15,	6),
(11,	'fer',	5,	7,	6,	9),
(11,	'mel',	5,	8,	4,	10),
(11,	'smi',	5,	6,	8,	12),
(11,	'kos',	5,	9,	2,	14),
(11,	'mrt',	5,	11,	0,	15),
(11,	'kru',	5,	12,	0,	17),
(11,	'rib',	6,	1,	25,	1),
(11,	'kol',	6,	6,	8,	2),
(11,	'fro',	6,	4,	12,	3),
(11,	'san',	6,	2,	18,	4),
(11,	'lem',	6,	11,	0,	5),
(11,	'kot',	6,	9,	2,	6),
(11,	'fer',	6,	3,	15,	9),
(11,	'mel',	6,	7,	6,	10),
(11,	'smi',	6,	5,	10,	12),
(11,	'kos',	6,	10,	1,	14),
(11,	'mrt',	6,	8,	4,	15),
(11,	'kru',	6,	12,	0,	17),
(11,	'lem',	7,	2,	18,	5),
(11,	'kot',	7,	3,	15,	6),
(11,	'san',	7,	1,	25,	4),
(11,	'fer',	7,	8,	4,	9),
(11,	'mel',	7,	10,	1,	10),
(11,	'smi',	7,	7,	6,	12),
(11,	'kos',	7,	13,	0,	14),
(11,	'mrt',	7,	9,	2,	15),
(11,	'bub',	7,	11,	0,	16),
(11,	'iva',	7,	12,	0,	19),
(11,	'rib',	8,	2,	18,	1),
(11,	'kol',	8,	3,	15,	2),
(11,	'fro',	8,	11,	0,	3),
(11,	'san',	8,	12,	0,	4),
(11,	'lem',	8,	4,	12,	5),
(11,	'kot',	8,	1,	25,	6),
(11,	'fer',	8,	10,	1,	9),
(11,	'mel',	8,	6,	8,	10),
(11,	'smi',	8,	7,	6,	12),
(11,	'kos',	8,	5,	10,	14),
(11,	'mrt',	8,	8,	4,	15),
(11,	'bub',	8,	9,	2,	16),
(11,	'kol',	9,	2,	18,	2),
(11,	'fro',	9,	4,	12,	3),
(11,	'rib',	9,	3,	15,	1),
(11,	'san',	9,	8,	4,	4),
(11,	'lem',	9,	6,	8,	5),
(11,	'kot',	9,	1,	25,	6),
(11,	'cos',	9,	13,	0,	7),
(11,	'mel',	9,	10,	1,	10),
(11,	'joh',	9,	11,	0,	11),
(11,	'smi',	9,	7,	6,	12),
(11,	'kos',	9,	5,	10,	14),
(11,	'mrt',	9,	9,	2,	15),
(11,	'iva',	9,	12,	0,	19),
(11,	'rib',	10,	1,	25,	1),
(11,	'kol',	10,	3,	15,	2),
(11,	'fro',	10,	6,	8,	3),
(11,	'san',	10,	2,	18,	4),
(11,	'lem',	10,	4,	12,	5),
(11,	'kot',	10,	5,	10,	6),
(11,	'cos',	10,	11,	0,	7),
(11,	'mel',	10,	10,	1,	10),
(11,	'joh',	10,	8,	4,	11),
(11,	'smi',	10,	9,	2,	12),
(11,	'kos',	10,	13,	0,	14),
(11,	'mrt',	10,	7,	6,	15),
(11,	'iva',	10,	12,	0,	19),
(11,	'kol',	11,	5,	10,	2),
(11,	'fro',	11,	6,	8,	3),
(11,	'san',	11,	2,	18,	4),
(11,	'lem',	11,	3,	15,	5),
(11,	'kot',	11,	1,	25,	6),
(11,	'cos',	11,	8,	4,	7),
(11,	'joh',	11,	10,	1,	11),
(11,	'smi',	11,	4,	12,	12),
(11,	'kos',	11,	9,	2,	14),
(11,	'mrt',	11,	7,	6,	15),
(11,	'kol',	12,	5,	10,	2),
(11,	'fro',	12,	7,	6,	3),
(11,	'san',	12,	1,	25,	4),
(11,	'lem',	12,	2,	18,	5),
(11,	'kot',	12,	3,	15,	6),
(11,	'cos',	12,	8,	4,	7),
(11,	'joh',	12,	10,	1,	11),
(11,	'smi',	12,	4,	12,	12),
(11,	'kos',	12,	9,	2,	14),
(11,	'mrt',	12,	6,	8,	15),
(11,	'rib',	13,	1,	25,	1),
(11,	'kol',	13,	2,	18,	2),
(11,	'fro',	13,	11,	0,	3),
(11,	'san',	13,	4,	12,	4),
(11,	'lem',	13,	7,	6,	5),
(11,	'kot',	13,	3,	15,	6),
(11,	'cos',	13,	6,	8,	7),
(11,	'krz',	13,	9,	2,	8),
(11,	'smi',	13,	5,	10,	12),
(11,	'kos',	13,	10,	1,	14),
(11,	'mrt',	13,	8,	4,	15),
(11,	'rib',	14,	4,	12,	1),
(11,	'kol',	14,	2,	18,	2),
(11,	'fro',	14,	6,	8,	3),
(11,	'san',	14,	3,	15,	4),
(11,	'lem',	14,	5,	10,	5),
(11,	'kot',	14,	1,	25,	6),
(11,	'cos',	14,	7,	6,	7),
(11,	'krz',	14,	11,	0,	8),
(11,	'smi',	14,	9,	2,	12),
(11,	'kos',	14,	10,	1,	14),
(11,	'mrt',	14,	8,	4,	15),
(11,	'rib',	15,	1,	25,	1),
(11,	'kol',	15,	3,	15,	2),
(11,	'fro',	15,	5,	10,	3),
(11,	'san',	15,	2,	18,	4),
(11,	'lem',	15,	6,	8,	5),
(11,	'kot',	15,	4,	12,	6),
(11,	'mel',	15,	7,	6,	10),
(11,	'kos',	15,	9,	2,	14),
(11,	'mrt',	15,	8,	4,	15),
(11,	'rib',	16,	3,	15,	1),
(11,	'kol',	16,	2,	18,	2),
(11,	'fro',	16,	9,	2,	3),
(11,	'san',	16,	1,	25,	4),
(11,	'lem',	16,	5,	10,	5),
(11,	'kot',	16,	8,	4,	6),
(11,	'mel',	16,	7,	6,	10),
(11,	'kos',	16,	4,	12,	14),
(11,	'mrt',	16,	6,	8,	15),
(11,	'rib',	17,	1,	25,	1),
(11,	'kol',	17,	3,	15,	2),
(11,	'fro',	17,	10,	1,	3),
(11,	'san',	17,	4,	12,	4),
(11,	'lem',	17,	5,	10,	5),
(11,	'cos',	17,	8,	4,	7),
(11,	'mel',	17,	6,	8,	10),
(11,	'smi',	17,	2,	18,	12),
(11,	'kos',	17,	7,	6,	14),
(11,	'kro',	17,	9,	2,	16),
(11,	'rib',	18,	4,	12,	1),
(11,	'kol',	18,	2,	18,	2),
(11,	'fro',	18,	10,	1,	3),
(11,	'san',	18,	1,	25,	4),
(11,	'lem',	18,	5,	10,	5),
(11,	'cos',	18,	7,	6,	7),
(11,	'mel',	18,	6,	8,	10),
(11,	'smi',	18,	3,	15,	12),
(11,	'kos',	18,	9,	2,	14),
(11,	'kro',	18,	8,	4,	16),
(11,	'rib',	19,	1,	25,	1),
(11,	'kol',	19,	3,	15,	2),
(11,	'fro',	19,	5,	10,	3),
(11,	'san',	19,	4,	12,	4),
(11,	'lem',	19,	9,	2,	5),
(11,	'kot',	19,	2,	18,	6),
(11,	'cos',	19,	10,	1,	7),
(11,	'mel',	19,	8,	4,	10),
(11,	'joh',	19,	12,	0,	11),
(11,	'smi',	19,	6,	8,	12),
(11,	'mrt',	19,	7,	6,	15),
(11,	'kro',	19,	11,	0,	16),
(11,	'rib',	20,	4,	12,	1),
(11,	'kol',	20,	3,	15,	2),
(11,	'fro',	20,	7,	6,	3),
(11,	'san',	20,	1,	25,	4),
(11,	'lem',	20,	2,	18,	5),
(11,	'kot',	20,	5,	10,	6),
(11,	'cos',	20,	10,	1,	7),
(11,	'mel',	20,	6,	8,	10),
(11,	'joh',	20,	11,	0,	11),
(11,	'smi',	20,	9,	2,	12),
(11,	'mrt',	20,	8,	4,	15),
(11,	'kro',	20,	12,	0,	16),
(12,	'kol',	5,	3,	15,	3),
(12,	'san',	5,	4,	12,	1),
(12,	'san',	11,	7,	6,	1),
(12,	'san',	1,	1,	25,	1),
(12,	'fro',	5,	5,	10,	4),
(12,	'lem',	5,	6,	8,	2),
(12,	'kol',	1,	5,	10,	3),
(12,	'lem',	1,	8,	4,	2),
(12,	'fro',	1,	3,	15,	4),
(12,	'kos',	1,	7,	6,	7),
(12,	'rib',	1,	2,	18,	11),
(12,	'kot',	1,	4,	12,	16),
(12,	'bub',	1,	6,	8,	20),
(12,	'san',	2,	3,	15,	1),
(12,	'lem',	2,	7,	6,	2),
(12,	'kol',	2,	5,	10,	3),
(12,	'fro',	2,	6,	8,	4),
(12,	'kos',	2,	2,	18,	7),
(12,	'cos',	2,	8,	4,	9),
(12,	'rib',	2,	1,	25,	11),
(12,	'kot',	2,	4,	12,	16),
(12,	'bub',	2,	9,	2,	20),
(12,	'san',	3,	1,	25,	1),
(12,	'lem',	3,	8,	4,	2),
(12,	'kol',	3,	13,	0,	3),
(12,	'fro',	3,	3,	15,	4),
(12,	'kos',	3,	2,	18,	7),
(12,	'cos',	3,	11,	0,	9),
(12,	'rib',	3,	5,	10,	11),
(12,	'smi',	3,	4,	12,	12),
(12,	'kro',	3,	12,	0,	14),
(12,	'krz',	3,	6,	8,	15),
(12,	'kot',	3,	10,	1,	16),
(12,	'rod',	3,	7,	6,	17),
(12,	'bub',	3,	9,	2,	20),
(12,	'opf',	3,	14,	0,	22),
(12,	'iva',	3,	15,	0,	24),
(12,	'san',	4,	3,	15,	1),
(12,	'lem',	4,	5,	10,	2),
(12,	'kol',	4,	4,	12,	3),
(12,	'fro',	4,	9,	2,	4),
(12,	'kos',	4,	2,	18,	7),
(12,	'cos',	4,	11,	0,	9),
(12,	'rib',	4,	1,	25,	11),
(12,	'smi',	4,	6,	8,	12),
(12,	'kro',	4,	10,	1,	14),
(12,	'krz',	4,	7,	6,	15),
(12,	'rod',	4,	12,	0,	17),
(12,	'bub',	4,	13,	0,	20),
(12,	'opf',	4,	8,	4,	22),
(12,	'kos',	5,	1,	25,	7),
(12,	'mrt',	5,	10,	1,	8),
(12,	'cos',	5,	8,	4,	9),
(12,	'rib',	5,	2,	18,	11),
(12,	'smi',	5,	13,	0,	12),
(12,	'kro',	5,	9,	2,	14),
(12,	'kot',	5,	7,	6,	16),
(12,	'bub',	5,	12,	0,	20),
(12,	'opf',	5,	11,	0,	22),
(12,	'san',	6,	3,	15,	1),
(12,	'lem',	6,	6,	8,	2),
(12,	'kol',	6,	2,	18,	3),
(12,	'fro',	6,	7,	6,	4),
(12,	'kos',	6,	11,	0,	7),
(12,	'mrt',	6,	13,	0,	8),
(12,	'cos',	6,	4,	12,	9),
(12,	'rib',	6,	1,	25,	11),
(12,	'smi',	6,	5,	10,	12),
(12,	'kro',	6,	10,	1,	14),
(12,	'kot',	6,	8,	4,	16),
(12,	'rod',	6,	9,	2,	17),
(12,	'bub',	6,	14,	0,	20),
(12,	'opf',	6,	12,	0,	22),
(12,	'san',	7,	1,	25,	1),
(12,	'lem',	7,	9,	2,	2),
(12,	'kol',	7,	5,	10,	3),
(12,	'fro',	7,	8,	4,	4),
(12,	'mel',	7,	13,	0,	5),
(12,	'kos',	7,	3,	15,	7),
(12,	'cos',	7,	11,	0,	9),
(12,	'gro',	7,	10,	1,	10),
(12,	'rib',	7,	7,	6,	11),
(12,	'smi',	7,	12,	0,	12),
(12,	'kro',	7,	14,	0,	14),
(12,	'krz',	7,	6,	8,	15),
(12,	'kot',	7,	2,	18,	16),
(12,	'rod',	7,	4,	12,	17),
(12,	'san',	8,	3,	15,	1),
(12,	'lem',	8,	5,	10,	2),
(12,	'kol',	8,	6,	8,	3),
(12,	'fro',	8,	11,	0,	4),
(12,	'mel',	8,	14,	0,	5),
(12,	'kos',	8,	7,	6,	7),
(12,	'cos',	8,	12,	0,	9),
(12,	'gro',	8,	8,	4,	10),
(12,	'rib',	8,	2,	18,	11),
(12,	'smi',	8,	9,	2,	12),
(12,	'kro',	8,	13,	0,	14),
(12,	'krz',	8,	4,	12,	15),
(12,	'kot',	8,	1,	25,	16),
(12,	'rod',	8,	10,	1,	17),
(12,	'san',	9,	7,	6,	1),
(12,	'lem',	9,	8,	4,	2),
(12,	'kol',	9,	5,	10,	3),
(12,	'fro',	9,	3,	15,	4),
(12,	'kos',	9,	2,	18,	7),
(12,	'cos',	9,	9,	2,	9),
(12,	'gro',	9,	6,	8,	10),
(12,	'rib',	9,	1,	25,	11),
(12,	'krz',	9,	11,	0,	15),
(12,	'kot',	9,	4,	12,	16),
(12,	'bub',	9,	10,	1,	20),
(12,	'san',	10,	10,	1,	1),
(12,	'lem',	10,	5,	10,	2),
(12,	'kol',	10,	4,	12,	3),
(12,	'fro',	10,	3,	15,	4),
(12,	'kos',	10,	6,	8,	7),
(12,	'cos',	10,	8,	4,	9),
(12,	'gro',	10,	9,	2,	10),
(12,	'rib',	10,	7,	6,	11),
(12,	'kot',	10,	1,	25,	16),
(12,	'bub',	10,	2,	18,	20),
(12,	'lem',	11,	9,	2,	2),
(12,	'kol',	11,	1,	25,	3),
(12,	'fro',	11,	11,	0,	4),
(12,	'kos',	11,	3,	15,	7),
(12,	'cos',	11,	10,	1,	9),
(12,	'gro',	11,	8,	4,	10),
(12,	'rib',	11,	2,	18,	11),
(12,	'smi',	11,	5,	10,	12),
(12,	'kot',	11,	4,	12,	16),
(12,	'rod',	11,	6,	8,	17),
(12,	'san',	12,	10,	1,	1),
(12,	'lem',	12,	6,	8,	2),
(12,	'kol',	12,	7,	6,	3),
(12,	'fro',	12,	4,	12,	4),
(12,	'kos',	12,	2,	18,	7),
(12,	'cos',	12,	11,	0,	9),
(12,	'gro',	12,	3,	15,	10),
(12,	'rib',	12,	1,	25,	11),
(12,	'smi',	12,	9,	2,	12),
(12,	'kot',	12,	8,	4,	16),
(12,	'rod',	12,	5,	10,	17),
(12,	'san',	13,	6,	8,	1),
(12,	'kol',	13,	3,	15,	3),
(12,	'fro',	13,	4,	12,	4),
(12,	'kos',	13,	1,	25,	7),
(12,	'gro',	13,	7,	6,	10),
(12,	'kot',	13,	2,	18,	16),
(12,	'rod',	13,	5,	10,	17),
(12,	'bub',	13,	8,	4,	20),
(12,	'san',	14,	1,	25,	1),
(12,	'kol',	14,	7,	6,	3),
(12,	'fro',	14,	3,	15,	4),
(12,	'kos',	14,	5,	10,	7),
(12,	'cos',	14,	8,	4,	9),
(12,	'gro',	14,	6,	8,	10),
(12,	'kot',	14,	4,	12,	16),
(12,	'rod',	14,	2,	18,	17),
(12,	'lem',	15,	5,	10,	2),
(12,	'kol',	15,	4,	12,	3),
(12,	'fro',	15,	8,	4,	4),
(12,	'mel',	15,	9,	2,	5),
(12,	'kos',	15,	2,	18,	7),
(12,	'cos',	15,	7,	6,	9),
(12,	'rib',	15,	1,	25,	11),
(12,	'smi',	15,	3,	15,	12),
(12,	'kot',	15,	6,	8,	16),
(12,	'rod',	15,	10,	1,	17),
(12,	'lem',	16,	2,	18,	2),
(12,	'kol',	16,	3,	15,	3),
(12,	'fro',	16,	6,	8,	4),
(12,	'mel',	16,	5,	10,	5),
(12,	'cos',	16,	8,	4,	9),
(12,	'rib',	16,	1,	25,	11),
(12,	'smi',	16,	7,	6,	12),
(12,	'kot',	16,	4,	12,	16),
(12,	'kol',	17,	2,	18,	3),
(12,	'fro',	17,	1,	25,	4),
(12,	'smi',	17,	3,	15,	12),
(12,	'san',	18,	3,	15,	1),
(12,	'kol',	18,	1,	25,	3),
(12,	'fro',	18,	4,	12,	4),
(12,	'cos',	18,	5,	10,	9),
(12,	'smi',	18,	2,	18,	12),
(12,	'kol',	19,	3,	15,	3),
(12,	'fro',	19,	2,	18,	4),
(12,	'cos',	19,	5,	10,	9),
(12,	'rib',	19,	1,	25,	11),
(12,	'smi',	19,	4,	12,	12),
(12,	'kol',	20,	4,	12,	3),
(12,	'fro',	20,	1,	25,	4),
(12,	'cos',	20,	5,	10,	9),
(12,	'rib',	20,	2,	18,	11),
(12,	'smi',	20,	3,	15,	12),
(13,	'kos',	5,	5,	10,	4),
(13,	'kol',	5,	6,	8,	3),
(13,	'rib',	5,	1,	25,	1),
(13,	'san',	5,	3,	15,	7),
(13,	'rib',	1,	1,	25,	1),
(13,	'kol',	1,	2,	18,	3),
(13,	'krz',	1,	5,	10,	6),
(13,	'san',	1,	4,	12,	7),
(13,	'lem',	1,	3,	15,	9),
(13,	'mel',	1,	7,	6,	18),
(13,	'llo',	1,	6,	8,	19),
(13,	'rib',	2,	1,	25,	1),
(13,	'kol',	2,	2,	18,	3),
(13,	'krz',	2,	7,	6,	6),
(13,	'san',	2,	3,	15,	7),
(13,	'lem',	2,	4,	12,	9),
(13,	'rod',	2,	8,	4,	12),
(13,	'mel',	2,	5,	10,	18),
(13,	'llo',	2,	6,	8,	19),
(13,	'rib',	3,	2,	18,	1),
(13,	'smi',	3,	4,	12,	2),
(13,	'kol',	3,	7,	6,	3),
(13,	'kos',	3,	5,	10,	4),
(13,	'mil',	3,	9,	2,	5),
(13,	'krz',	3,	12,	0,	6),
(13,	'san',	3,	3,	15,	7),
(13,	'kot',	3,	1,	25,	8),
(13,	'lem',	3,	8,	4,	9),
(13,	'rod',	3,	6,	8,	12),
(13,	'mel',	3,	11,	0,	18),
(13,	'llo',	3,	10,	1,	19),
(13,	'iva',	3,	13,	0,	20),
(13,	'rib',	4,	5,	10,	1),
(13,	'smi',	4,	7,	6,	2),
(13,	'kol',	4,	4,	12,	3),
(13,	'kos',	4,	6,	8,	4),
(13,	'mil',	4,	11,	0,	5),
(13,	'krz',	4,	8,	4,	6),
(13,	'san',	4,	1,	25,	7),
(13,	'kot',	4,	3,	15,	8),
(13,	'lem',	4,	2,	18,	9),
(13,	'rod',	4,	9,	2,	12),
(13,	'mel',	4,	12,	0,	18),
(13,	'llo',	4,	10,	1,	19),
(13,	'iva',	4,	13,	0,	20),
(13,	'kot',	5,	4,	12,	8),
(13,	'lem',	5,	2,	18,	9),
(13,	'rod',	5,	8,	4,	12),
(13,	'mel',	5,	7,	6,	18),
(13,	'llo',	5,	9,	2,	19),
(13,	'iva',	5,	10,	1,	20),
(13,	'rib',	6,	3,	15,	1),
(13,	'kol',	6,	4,	12,	3),
(13,	'kos',	6,	8,	4,	4),
(13,	'san',	6,	2,	18,	7),
(13,	'kot',	6,	5,	10,	8),
(13,	'lem',	6,	1,	25,	9),
(13,	'rod',	6,	10,	1,	12),
(13,	'mel',	6,	7,	6,	18),
(13,	'llo',	6,	6,	8,	19),
(13,	'iva',	6,	9,	2,	20),
(13,	'rib',	7,	2,	18,	1),
(13,	'smi',	7,	6,	8,	2),
(13,	'kol',	7,	3,	15,	3),
(13,	'kos',	7,	1,	25,	4),
(13,	'san',	7,	5,	10,	7),
(13,	'kot',	7,	10,	1,	8),
(13,	'lem',	7,	4,	12,	9),
(13,	'rod',	7,	7,	6,	12),
(13,	'mel',	7,	8,	4,	18),
(13,	'iva',	7,	9,	2,	20),
(13,	'rib',	8,	1,	25,	1),
(13,	'smi',	8,	3,	15,	2),
(13,	'kol',	8,	5,	10,	3),
(13,	'kos',	8,	4,	12,	4),
(13,	'san',	8,	6,	8,	7),
(13,	'kot',	8,	7,	6,	8),
(13,	'lem',	8,	2,	18,	9),
(13,	'rod',	8,	9,	2,	12),
(13,	'mel',	8,	8,	4,	18),
(13,	'iva',	8,	10,	1,	20),
(13,	'rib',	9,	1,	25,	1),
(13,	'smi',	9,	5,	10,	2),
(13,	'kol',	9,	3,	15,	3),
(13,	'kos',	9,	2,	18,	4),
(13,	'kot',	9,	6,	8,	8),
(13,	'lem',	9,	4,	12,	9),
(13,	'nut',	9,	9,	2,	14),
(13,	'mel',	9,	7,	6,	18),
(13,	'llo',	9,	8,	4,	19),
(13,	'iva',	9,	10,	1,	20),
(13,	'rib',	10,	1,	25,	1),
(13,	'smi',	10,	5,	10,	2),
(13,	'kol',	10,	3,	15,	3),
(13,	'kos',	10,	6,	8,	4),
(13,	'kot',	10,	4,	12,	8),
(13,	'lem',	10,	2,	18,	9),
(13,	'nut',	10,	9,	2,	14),
(13,	'mel',	10,	8,	4,	18),
(13,	'llo',	10,	7,	6,	19),
(13,	'iva',	10,	10,	1,	20);

CREATE TABLE `seasons` (
  `season_id` int(11) NOT NULL,
  `season_name` tinytext COLLATE utf8_unicode_ci NOT NULL,
  `season_best` int(11) NOT NULL,
  `season_races` int(11) NOT NULL
) ENGINE=MyISAM DEFAULT CHARSET=utf8 COLLATE=utf8_unicode_ci;

INSERT INTO `seasons` (`season_id`, `season_name`, `season_best`, `season_races`) VALUES
(1,	'Season 1 (October 2009)',	10,	17),
(2,	'Season 2 (May 2010)',	10,	17),
(3,	'Season 3 (September 2010)',	10,	17),
(4,	'Season 4 (January 2011)',	12,	19),
(5,	'Season 5 (April 2011)',	12,	19),
(6,	'Season 6 (July 2011)',	12,	19),
(7,	'Season 7 (September 2011)',	15,	20),
(8,	'Season 8 (December 2011)',	15,	20),
(9,	'Season 9 (March 2012)',	15,	20),
(10,	'Season 10 (May 2012)',	20,	20),
(11,	'Season 11 (August 2012)',	20,	20),
(12,	'Season 12 (November 2012)',	20,	20),
(13,	'Season 13 (February 2013)',	20,	20);

CREATE TABLE `team_pos` (
  `season_id` int(11) NOT NULL,
  `team_id` char(3) COLLATE utf8_unicode_ci NOT NULL,
  `position` int(11) NOT NULL,
  `points` int(11) NOT NULL,
  PRIMARY KEY (`season_id`,`team_id`)
) ENGINE=MyISAM DEFAULT CHARSET=utf8 COLLATE=utf8_unicode_ci;

INSERT INTO `team_pos` (`season_id`, `team_id`, `position`, `points`) VALUES
(1,	'toy',	1,	124),
(1,	'sau',	2,	96),
(1,	'ren',	3,	68),
(1,	'mcl',	4,	64),
(1,	'for',	5,	63),
(1,	'mer',	6,	29),
(1,	'wil',	7,	12),
(1,	'fer',	8,	2),
(2,	'mer',	1,	329),
(2,	'mcl',	2,	229),
(2,	'ren',	3,	169),
(2,	'str',	4,	165),
(2,	'fer',	5,	143),
(2,	'rbr',	6,	135),
(2,	'for',	7,	102),
(2,	'sau',	8,	86),
(2,	'wil',	9,	51),
(3,	'str',	1,	338),
(3,	'fer',	2,	257),
(3,	'mer',	3,	232),
(3,	'ren',	4,	174),
(3,	'for',	5,	132),
(3,	'hrt',	6,	102),
(3,	'rbr',	7,	77),
(3,	'mcl',	8,	70),
(3,	'wil',	9,	30),
(3,	'sau',	10,	0),
(3,	'cat',	11,	0),
(3,	'mar',	12,	0),
(4,	'rbr',	1,	303),
(4,	'mcl',	2,	296),
(4,	'fer',	3,	276),
(4,	'str',	4,	195),
(4,	'ren',	5,	175),
(4,	'wil',	6,	174),
(4,	'for',	7,	122),
(4,	'hrt',	8,	95),
(4,	'mar',	9,	18),
(4,	'mer',	10,	0),
(4,	'sau',	11,	0),
(4,	'cat',	12,	0),
(5,	'ren',	1,	408),
(5,	'mcl',	2,	297),
(5,	'rbr',	3,	280),
(5,	'sau',	4,	209),
(5,	'fer',	5,	143),
(5,	'for',	6,	141),
(5,	'str',	7,	104),
(5,	'mer',	8,	14),
(5,	'wil',	9,	3),
(5,	'hrt',	10,	0),
(5,	'mar',	11,	0),
(5,	'cat',	12,	0),
(6,	'for',	1,	482),
(6,	'mcl',	2,	316),
(6,	'fer',	3,	283),
(6,	'cat',	4,	241),
(6,	'ren',	5,	174),
(6,	'mar',	6,	93),
(6,	'wil',	7,	42),
(6,	'mer',	8,	33),
(6,	'rbr',	9,	21),
(6,	'hrt',	10,	18),
(6,	'sau',	11,	15),
(6,	'str',	12,	5),
(7,	'mer',	1,	497),
(7,	'cat',	2,	332),
(7,	'mcl',	3,	305),
(7,	'for',	4,	233),
(7,	'rbr',	5,	217),
(7,	'ren',	6,	184),
(7,	'fer',	7,	64),
(7,	'wil',	8,	46),
(7,	'str',	9,	25),
(7,	'sau',	10,	2),
(7,	'mar',	11,	0),
(7,	'hrt',	12,	0),
(8,	'fer',	1,	431),
(8,	'mcl',	2,	394),
(8,	'rbr',	3,	324),
(8,	'for',	4,	290),
(8,	'mer',	5,	114),
(8,	'ren',	6,	107),
(8,	'sau',	7,	82),
(8,	'wil',	8,	64),
(8,	'str',	9,	26),
(8,	'cat',	10,	12),
(8,	'mar',	11,	2),
(8,	'hrt',	12,	0),
(9,	'mar',	1,	532),
(9,	'for',	2,	315),
(9,	'ren',	3,	301),
(9,	'mcl',	4,	287),
(9,	'rbr',	5,	114),
(9,	'fer',	6,	105),
(9,	'mer',	7,	85),
(9,	'sau',	8,	52),
(9,	'str',	9,	19),
(9,	'wil',	10,	14),
(9,	'cat',	11,	0),
(9,	'hrt',	12,	0),
(10,	'for',	1,	591),
(10,	'rbr',	2,	474),
(10,	'mcl',	3,	384),
(10,	'ren',	4,	289),
(10,	'fer',	5,	141),
(10,	'mer',	6,	64),
(10,	'sau',	7,	22),
(10,	'wil',	8,	22),
(10,	'mar',	9,	0),
(10,	'str',	10,	0),
(10,	'cat',	11,	0),
(10,	'hrt',	12,	0),
(11,	'for',	1,	814),
(11,	'mcl',	2,	753),
(11,	'ren',	3,	231),
(11,	'fer',	4,	150),
(11,	'rbr',	5,	62),
(11,	'mer',	6,	8),
(11,	'wil',	7,	0),
(11,	'sau',	8,	0),
(12,	'mcl',	1,	475),
(12,	'mer',	2,	437),
(12,	'for',	3,	313),
(12,	'sau',	4,	249),
(12,	'fer',	5,	219),
(12,	'rbr',	6,	119),
(12,	'wil',	7,	38),
(12,	'str',	8,	35),
(12,	'ren',	9,	12),
(12,	'cat',	10,	4),
(12,	'mar',	11,	0),
(12,	'hrt',	12,	0);

CREATE TABLE `teamnames` (
  `team_id` tinytext COLLATE utf8_unicode_ci NOT NULL,
  `season_id` int(11) NOT NULL,
  `team_name` tinytext COLLATE utf8_unicode_ci NOT NULL,
  `team_nat` tinytext COLLATE utf8_unicode_ci NOT NULL
) ENGINE=MyISAM DEFAULT CHARSET=utf8 COLLATE=utf8_unicode_ci;

INSERT INTO `teamnames` (`team_id`, `season_id`, `team_name`, `team_nat`) VALUES
('fer',	1,	'Ferrari',	'it'),
('for',	1,	'Force India',	'in'),
('mcl',	1,	'McLaren',	'gb'),
('mer',	1,	'Brawn GP',	'gb'),
('ren',	1,	'Renault',	'fr'),
('sau',	1,	'BMW Sauber',	'de'),
('toy',	1,	'Toyota',	'jp'),
('wil',	1,	'Williams',	'gb'),
('fer',	2,	'Ferrari',	'it'),
('for',	2,	'Force India',	'in'),
('mcl',	2,	'McLaren',	'gb'),
('mer',	2,	'Mercedes',	'de'),
('rbr',	2,	'Red Bull',	'at'),
('ren',	2,	'Renault',	'fr'),
('sau',	2,	'BMW Sauber',	'ch'),
('str',	2,	'Toro Rosso',	'it'),
('wil',	2,	'Williams',	'gb'),
('fer',	3,	'Ferrari',	'it'),
('for',	3,	'Force India',	'in'),
('hrt',	3,	'Hispania',	'es'),
('cat',	3,	'Lotus',	'my'),
('mcl',	3,	'McLaren',	'gb'),
('mer',	3,	'Mercedes',	'de'),
('rbr',	3,	'Red Bull',	'at'),
('ren',	3,	'Renault',	'fr'),
('sau',	3,	'BMW Sauber',	'ch'),
('str',	3,	'Toro Rosso',	'it'),
('mar',	3,	'Virgin',	'gb'),
('wil',	3,	'Williams',	'gb'),
('cat',	4,	'Lotus',	'my'),
('fer',	4,	'Ferrari',	'it'),
('for',	4,	'Force India',	'in'),
('hrt',	4,	'HRT',	'es'),
('mcl',	4,	'McLaren',	'gb'),
('mer',	4,	'Mercedes',	'de'),
('rbr',	4,	'Red Bull',	'at'),
('ren',	4,	'Renault',	'gb'),
('sau',	4,	'Sauber',	'ch'),
('str',	4,	'Toro Rosso',	'it'),
('mar',	4,	'Virgin',	'ru'),
('wil',	4,	'Williams',	'gb'),
('cat',	5,	'Lotus',	'my'),
('fer',	5,	'Ferrari',	'it'),
('for',	5,	'Force India',	'in'),
('hrt',	5,	'HRT',	'es'),
('mcl',	5,	'McLaren',	'gb'),
('mer',	5,	'Mercedes',	'de'),
('rbr',	5,	'Red Bull',	'at'),
('ren',	5,	'Renault',	'gb'),
('sau',	5,	'Sauber',	'ch'),
('str',	5,	'Toro Rosso',	'it'),
('mar',	5,	'Virgin',	'ru'),
('wil',	5,	'Williams',	'gb'),
('cat',	6,	'Lotus',	'my'),
('fer',	6,	'Ferrari',	'it'),
('for',	6,	'Force India',	'in'),
('hrt',	6,	'HRT',	'es'),
('mcl',	6,	'McLaren',	'gb'),
('mer',	6,	'Mercedes',	'de'),
('rbr',	6,	'Red Bull',	'at'),
('ren',	6,	'Renault',	'gb'),
('sau',	6,	'Sauber',	'ch'),
('str',	6,	'Toro Rosso',	'it'),
('mar',	6,	'Virgin',	'ru'),
('wil',	6,	'Williams',	'gb'),
('cat',	7,	'Lotus',	'my'),
('fer',	7,	'Ferrari',	'it'),
('for',	7,	'Force India',	'in'),
('hrt',	7,	'HRT',	'es'),
('mcl',	7,	'McLaren',	'gb'),
('mer',	7,	'Mercedes',	'de'),
('rbr',	7,	'Red Bull',	'at'),
('ren',	7,	'Renault',	'gb'),
('sau',	7,	'Sauber',	'ch'),
('str',	7,	'Toro Rosso',	'it'),
('mar',	7,	'Virgin',	'ru'),
('wil',	7,	'Williams',	'gb'),
('cat',	8,	'Lotus',	'my'),
('fer',	8,	'Ferrari',	'it'),
('for',	8,	'Force India',	'in'),
('hrt',	8,	'HRT',	'es'),
('mcl',	8,	'McLaren',	'gb'),
('mer',	8,	'Mercedes',	'de'),
('rbr',	8,	'Red Bull',	'at'),
('ren',	8,	'Renault',	'gb'),
('sau',	8,	'Sauber',	'ch'),
('str',	8,	'Toro Rosso',	'it'),
('mar',	8,	'Virgin',	'ru'),
('wil',	8,	'Williams',	'gb'),
('cat',	9,	'Caterham',	'my'),
('fer',	9,	'Ferrari',	'it'),
('for',	9,	'Force India',	'in'),
('hrt',	9,	'HRT',	'es'),
('mcl',	9,	'McLaren',	'gb'),
('mer',	9,	'Mercedes',	'de'),
('rbr',	9,	'Red Bull',	'at'),
('ren',	9,	'Lotus',	'gb'),
('sau',	9,	'Sauber',	'ch'),
('str',	9,	'Toro Rosso',	'it'),
('mar',	9,	'Marussia',	'ru'),
('wil',	9,	'Williams',	'gb'),
('cat',	10,	'Caterham',	'my'),
('fer',	10,	'Ferrari',	'it'),
('for',	10,	'Force India',	'in'),
('hrt',	10,	'HRT',	'es'),
('mcl',	10,	'McLaren',	'gb'),
('mer',	10,	'Mercedes',	'de'),
('rbr',	10,	'Red Bull',	'at'),
('ren',	10,	'Lotus',	'gb'),
('sau',	10,	'Sauber',	'ch'),
('str',	10,	'Toro Rosso',	'it'),
('mar',	10,	'Marussia',	'ru'),
('wil',	10,	'Williams',	'gb'),
('cat',	11,	'Caterham',	'my'),
('fer',	11,	'Ferrari',	'it'),
('for',	11,	'Force India',	'in'),
('hrt',	11,	'HRT',	'es'),
('mcl',	11,	'McLaren',	'gb'),
('mer',	11,	'Mercedes',	'de'),
('rbr',	11,	'Red Bull',	'at'),
('ren',	11,	'Lotus',	'gb'),
('sau',	11,	'Sauber',	'ch'),
('str',	11,	'Toro Rosso',	'it'),
('mar',	11,	'Marussia',	'ru'),
('wil',	11,	'Williams',	'gb'),
('str',	12,	'Toro Rosso',	'it'),
('sau',	12,	'Sauber',	'ch'),
('ren',	12,	'Lotus',	'gb'),
('rbr',	12,	'Red Bull',	'at'),
('mer',	12,	'Mercedes',	'de'),
('mcl',	12,	'McLaren',	'gb'),
('hrt',	12,	'HRT',	'es'),
('for',	12,	'Force India',	'in'),
('fer',	12,	'Ferrari',	'it'),
('cat',	12,	'Caterham',	'my'),
('mar',	12,	'Marussia',	'ru'),
('wil',	12,	'Williams',	'gb'),
('str',	13,	'Toro Rosso',	'it'),
('sau',	13,	'Sauber',	'ch'),
('ren',	13,	'Lotus',	'gb'),
('rbr',	13,	'Red Bull',	'at'),
('mer',	13,	'Mercedes',	'de'),
('mcl',	13,	'McLaren',	'gb'),
('hrt',	13,	'HRT',	'es'),
('for',	13,	'Force India',	'in'),
('fer',	13,	'Ferrari',	'it'),
('cat',	13,	'Caterham',	'my'),
('mar',	13,	'Marussia',	'ru'),
('wil',	13,	'Williams',	'gb');

CREATE TABLE `teams` (
  `team_id` tinytext COLLATE utf8_unicode_ci NOT NULL,
  `team_name` tinytext COLLATE utf8_unicode_ci NOT NULL,
  `team_nat` tinytext COLLATE utf8_unicode_ci NOT NULL
) ENGINE=MyISAM DEFAULT CHARSET=utf8 COLLATE=utf8_unicode_ci;

INSERT INTO `teams` (`team_id`, `team_name`, `team_nat`) VALUES
('fer',	'Ferrari',	'it'),
('for',	'Force India',	'in'),
('hrt',	'HRT',	'es'),
('mcl',	'McLaren',	'gb'),
('mer',	'Mercedes',	'de'),
('rbr',	'Red Bull',	'at'),
('ren',	'Lotus',	'gb'),
('sau',	'Sauber',	'ch'),
('str',	'Toro Rosso',	'it'),
('toy',	'Toyota',	'jp'),
('wil',	'Williams',	'gb'),
('cat',	'Caterham',	'my'),
('mar',	'Marussia',	'ru');

CREATE TABLE `tracks` (
  `track_id` int(11) NOT NULL,
  `track_name` tinytext COLLATE utf8_unicode_ci NOT NULL,
  `track_nat` tinytext COLLATE utf8_unicode_ci NOT NULL,
  `track_loc` tinytext COLLATE utf8_unicode_ci NOT NULL
) ENGINE=MyISAM DEFAULT CHARSET=utf8 COLLATE=utf8_unicode_ci;

INSERT INTO `tracks` (`track_id`, `track_name`, `track_nat`, `track_loc`) VALUES
(1,	'Bahrain International Circuit',	'bh',	'Sakhir'),
(2,	'Albert Park',	'au',	'Melbourne'),
(3,	'Sepang International Circuit',	'my',	'Kuala Lumpur'),
(4,	'Shanghai International Circuit',	'cn',	'Shanghai'),
(5,	'Circuit de Catalunya',	'es',	'Catalunya'),
(6,	'Circuit de Monaco',	'mc',	'Monte Carlo'),
(7,	'Istanbul Park',	'tr',	'Istanbul'),
(8,	'Circuit Gilles Villeneuve',	'ca',	'Montréal'),
(9,	'Valencia Street Circuit',	'es',	'Valencia'),
(10,	'Silverstone Circuit',	'gb',	'Silverstone'),
(11,	'Hockenheimring',	'de',	'Hockenheim'),
(12,	'Hungaroring',	'hu',	'Budapest'),
(13,	'Circuit de Spa-Francorchamps',	'be',	'Spa-Francorchamps'),
(14,	'Autodromo Nazionale Monza',	'it',	'Monza'),
(15,	'Marina Bay Street Circuit',	'sg',	'Singapore'),
(16,	'Suzuka Circuit',	'jp',	'Suzuka'),
(17,	'Korean International Circuit',	'kr',	'Yeongam'),
(18,	'Autódromo José Carlos Pace',	'br',	'São Paulo'),
(19,	'Yas Marina Circuit',	'ae',	'Yas Marina'),
(20,	'Nürburgring',	'de',	'Nürburg'),
(21,	'Buddh International Circuit',	'in',	'New Delhi'),
(22,	'Autodromo Enzo e Dino Ferrari',	'it',	'Imola'),
(23,	'A1-Ring',	'at',	'Spielberg'),
(24,	'Circuit Paul Ricard',	'fr',	'Le Castellet'),
(25,	'Circuit de Nevers Magny-Cours',	'fr',	'Magny-Cours'),
(26,	'Autódromo do Estoril',	'pt',	'Estoril'),
(27,	'Fuji International Speedway',	'jp',	'Oyama'),
(28,	'Circuit of the Americas',	'us',	'Austin'),
(29,	'Nürburgring Nordschleife',	'de',	'Nürburg'),
(30,	'Adelaide Street Circuit',	'au',	'Adelaide'),
(31,	'Autódromo Hermanos Rodríguez',	'mx',	'Mexico City'),
(32,	'Kyalami',	'za',	'Midrand');

CREATE ALGORITHM=UNDEFINED SQL SECURITY DEFINER VIEW `x_drivers` AS select `drivers`.`driver_id` AS `driver_id`,`drivers`.`driver_nat` AS `driver_nat`,`drivers`.`driver_name` AS `driver_name`,`drivers`.`driver_nick` AS `driver_nick`,count(`results`.`result_place`) AS `races`,count(if((`results`.`result_place` = 1),1,NULL)) AS `wins`,count(if((`results`.`result_place` in (1,2,3)),1,NULL)) AS `podiums`,sum(`results`.`result_points`) AS `points`,max(((`results`.`season_id` * 100) + `results`.`race_number`)) AS `lrace`,1000 AS `dpi` from (`drivers` left join `results` on((`drivers`.`driver_id` = `results`.`driver_id`))) group by `drivers`.`driver_name` order by `drivers`.`driver_name`;

CREATE ALGORITHM=UNDEFINED SQL SECURITY DEFINER VIEW `x_teams` AS select `teams`.`team_id` AS `team_id`,`teams`.`team_nat` AS `team_nat`,`teams`.`team_name` AS `team_name`,sum(`results`.`result_points`) AS `points`,count(`results`.`result_place`) AS `races`,count(if((`results`.`result_place` = 1),1,NULL)) AS `wins`,count(if((`results`.`result_place` in (1,2,3)),1,NULL)) AS `podiums` from (`teams` left join (`cars` left join `results` on(((`results`.`season_id` = `cars`.`season_id`) and (`results`.`car_number` = `cars`.`car_number`)))) on((`teams`.`team_id` = `cars`.`team_id`))) group by `teams`.`team_name` order by `teams`.`team_name`;

-- 2013-03-18 00:45:26
